Ticker,Company,Sector
14D,1414 DEGREES LIMITED,Capital Goods
29M,29METALS LIMITED,Materials
T3D,333D LIMITED,Commercial & Professional Services
TGP,360 CAPITAL GROUP,Financial Services
TCF,360 CAPITAL MORTGAGE REIT,Not Applic
TOT,360 CAPITAL REIT,Equity Real Estate Investment Trusts (REITs)
TDO,3D ENERGI LIMITED,Energy
3PL,3P LEARNING LIMITED..,Consumer Services
4DX,4DMEDICAL LIMITED,Health Care Equipment & Services
4DS,4DS MEMORY LIMITED,Semiconductors & Semiconductor Equipment
5EA,5E ADVANCED MATERIALS INC.,Materials
5GN,5G NETWORKS LIMITED.,Software & Services
6KA,"6K ADDITIVE, INC.",Class Pend
88E,88 ENERGY LIMITED,Energy
8CO,8COMMON LIMITED,Software & Services
8IH,8I HOLDINGS LTD,Financial Services
ABG,ABACUS GROUP,Equity Real Estate Investment Trusts (REITs)
ASK,ABACUS STORAGE KING,Equity Real Estate Investment Trusts (REITs)
ABX,ABX GROUP LIMITED,Materials
AKG,ACADEMIES AUSTRALASIA GROUP LIMITED,Consumer Services
AX8,ACCELERATE RESOURCES LIMITED,Materials
AX1,ACCENT GROUP LIMITED,Consumer Discretionary Distribution & Retail
ACS,ACCENT RESOURCES NL,Materials
ADC,ACDC METALS LTD,Materials
ACQ,ACORN CAPITAL INVESTMENT FUND LIMITED,Not Applic
ACF,ACROW LIMITED,Capital Goods
ACR,ACRUX LIMITED,"Pharmaceuticals, Biotechnology & Life Sciences"
ACW,ACTINOGEN MEDICAL LIMITED,"Pharmaceuticals, Biotechnology & Life Sciences"
ATV,ACTIVEPORT GROUP LTD,Software & Services
AIV,ACTIVEX LIMITED,Materials
ACU,ACUMENTIS GROUP LIMITED,Real Estate Management & Development
ACE,ACUSENSUS LIMITED.,Software & Services
ADH,ADAIRS LIMITED,Consumer Discretionary Distribution & Retail
1AD,ADALTA LIMITED,"Pharmaceuticals, Biotechnology & Life Sciences"
ADD,ADAVALE RESOURCES LIMITED,Energy
ADG,ADELONG GOLD LIMITED,Materials
AHE,ADHERIS HEALTH LIMITED,Health Care Equipment & Services
ADR,ADHERIUM LIMITED,Health Care Equipment & Services
AI1,ADISYN LTD,Software & Services
ADY,ADMIRALTY RESOURCES NL.,Materials
AD1,ADNEO LIMITED,Media & Entertainment
ABY,ADORE BEAUTY GROUP LIMITED,Consumer Discretionary Distribution & Retail
AHL,ADRAD HOLDINGS LIMITED,Automobiles & Components
ADS,ADSLOT LTD.,Software & Services
AVM,ADVANCE METALS LIMITED,Materials
ANO,ADVANCE ZINCTEK LIMITED,Materials
ABV,ADVANCED BRAKING TECHNOLOGY LTD,Automobiles & Components
AEM,ADVANCED ENERGY MINERALS LTD,Class Pend
AIH,ADVANCED INNERGY HOLDINGS LIMITED,Capital Goods
AV1,ADVERITAS LIMITED,Software & Services
ADX,ADX ENERGY LTD,Energy
AER,AEERIS LTD,Media & Entertainment
AEI,AERIS ENVIRONMENTAL LTD,Commercial & Professional Services
AIS,AERIS RESOURCES LIMITED,Materials
AMX,AEROMETREX LIMITED,Commercial & Professional Services
AFL,AF LEGAL GROUP LTD,Commercial & Professional Services
AFT,AFG 2023-1 TRUST IN RESPECT OF SERIES 2023-1,Not Applic
AF4,AFG 2024-1 TRUST IN RESPECT OF SERIES 2024-1,Not Applic
AF6,AFG 2025-1 TRUST IN RESPECT OF SERIES 2025-1,Not Applic
AF5,AFG 2025-1NC TRUST IN RESPECT OF SERIES 2025-1NC,Not Applic
A1G,AFRICAN GOLD LTD.,Materials
AFP,AFT PHARMACEUTICALS LIMITED,"Pharmaceuticals, Biotechnology & Life Sciences"
AGL,AGL ENERGY LIMITED.,Utilities
AMN,AGRIMIN LIMITED,Materials
AGR,AGUIA RESOURCES LIMITED,Materials
AIM,AI-MEDIA TECHNOLOGIES LIMITED,Software & Services
A1M,AIC MINES LIMITED,Materials
APW,AIMS PROPERTY SECURITIES FUND,Equity Real Estate Investment Trusts (REITs)
AGI,AINSWORTH GAME TECHNOLOGY LIMITED,Consumer Services
AIZ,AIR NEW ZEALAND LIMITED,Transportation
ART,AIRTASKER LIMITED,Media & Entertainment
AJL,AJ LUCAS GROUP LIMITED,Capital Goods
AKO,AKORA RESOURCES LIMITED,Materials
AUQ,ALARA RESOURCES LIMITED,Materials
ALB,ALBION RESOURCES LIMITED,Materials
ABR,ALBRIGHT METALS LTD,Materials
ALY,ALCHEMY RESOURCES LIMITED,Materials
ALC,ALCIDION GROUP LIMITED,Health Care Equipment & Services
AAI,ALCOA CORPORATION,Materials
ARN,ALDORO RESOURCES LIMITED,Materials
AJX,ALEXIUM INTERNATIONAL GROUP LIMITED,Materials
AAL,ALFABS AUSTRALIA LIMITED,Capital Goods
1AI,ALGORAE PHARMACEUTICALS LIMITED,"Pharmaceuticals, Biotechnology & Life Sciences"
AQI,ALICANTO MINERALS LIMITED,Materials
AQX,ALICE QUEEN LIMITED,Materials
ALK,ALKANE RESOURCES LIMITED,Materials
AQZ,ALLIANCE AVIATION SERVICES LIMITED,Transportation
AXN,ALLIANCE NICKEL LIMITED,Materials
AC2,ALLIED CREDIT ABS TRUST 2025-1P,Not Applic
AGE,ALLIGATOR ENERGY LIMITED,Energy
ALM,ALMA METALS LIMITED,Energy
AII,ALMONTY INDUSTRIES INC.,Materials
A4N,ALPHA HPA LIMITED,Materials
ALQ,ALS LIMITED,Commercial & Professional Services
ALR,ALTAIR MINERALS LIMITED,Materials
AZI,ALTAMIN LIMITED,Materials
ATC,ALTECH BATTERIES LTD,Materials
ATH,ALTERITY THERAPEUTICS LIMITED,"Pharmaceuticals, Biotechnology & Life Sciences"
AIQ,ALTERNATIVE INVESTMENT TRUST,Not Applic
ATT,ALTITUDE MINERALS LTD,Materials
ALV,ALVO MINERALS LIMITED,Materials
AMA,AMA GROUP LIMITED,Commercial & Professional Services
3DA,AMAERO LTD,Capital Goods
AMO,AMBERTECH LIMITED,Technology Hardware & Equipment
AMH,AMCIL LIMITED,Not Applic
AMC,AMCOR PLC,Materials
ARR,AMERICAN RARE EARTHS LIMITED,Materials
AT4,AMERICAN TUNGSTEN & ANTIMONY LTD,Materials
AMU,AMERICAN URANIUM LTD,Materials
AW1,AMERICAN WEST METALS LIMITED,Materials
AL3,AML3D LIMITED,Capital Goods
AOV,AMOTIV LIMITED,Automobiles & Components
AMP,AMP LIMITED,Financial Services
ATX,AMPLIA THERAPEUTICS LIMITED,"Pharmaceuticals, Biotechnology & Life Sciences"
AEL,AMPLITUDE ENERGY LIMITED,Energy
ALD,AMPOL LIMITED,Energy
AN1,ANAGENICS LIMITED,"Pharmaceuticals, Biotechnology & Life Sciences"
ANR,ANATARA LIFESCIENCES LTD,"Pharmaceuticals, Biotechnology & Life Sciences"
ANX,ANAX METALS LIMITED,Materials
ASL,ANDEAN SILVER LIMITED,Materials
ADN,ANDROMEDA METALS LIMITED,Materials
ATM,ANEKA TAMBANG (PERSERO) TBK (PT),Materials
AF2,ANGLE ASSET FINANCE - RADIAN TRUST 2025-1,Not Applic
ANN,ANSELL LIMITED,Health Care Equipment & Services
ASN,ANSON RESOURCES LIMITED,Materials
AM5,ANTARES METALS LIMITED,Materials
ADO,ANTEOTECH LTD,"Pharmaceuticals, Biotechnology & Life Sciences"
AVR,ANTERIS TECHNOLOGIES GLOBAL CORP.,Health Care Equipment & Services
AAU,ANTILLES GOLD LIMITED,Materials
AZY,ANTIPA MINERALS LIMITED,Materials
ANZ,ANZ GROUP HOLDINGS LIMITED,Banks
APA,APA GROUP,Utilities
AP2,APA INFRASTRUCTURE LIMITED,Not Applic
APC,APC MINERALS LIMITED,Materials
AHX,APIAM ANIMAL HEALTH LIMITED,Health Care Equipment & Services
AON,APOLLO MINERALS LIMITED,Materials
AO2,APOLLO SERIES 2017-2 TRUST,Not Applic
AO3,APOLLO SERIES 2018-1 TRUST,Not Applic
APX,APPEN LIMITED,Software & Services
AQN,AQUIRIAN LIMITED,Commercial & Professional Services
ARU,ARAFURA RARE EARTHS LTD,Materials
ARB,ARB CORPORATION LIMITED.,Automobiles & Components
ARC,ARC FUNDS LIMITED,Financial Services
AM7,ARCADIA MINERALS LIMITED,Materials
AXE,ARCHER MATERIALS LIMITED,Semiconductors & Semiconductor Equipment
AR9,ARCHTIS LIMITED,Software & Services
ARL,ARDEA RESOURCES LIMITED,Materials
ADV,ARDIDEN LTD,Materials
ARF,ARENA REIT.,Equity Real Estate Investment Trusts (REITs)
AGN,ARGENICA THERAPEUTICS LIMITED,"Pharmaceuticals, Biotechnology & Life Sciences"
RGT,ARGENT BIOPHARMA LIMITED,"Pharmaceuticals, Biotechnology & Life Sciences"
ARD,ARGENT MINERALS LIMITED,Materials
ALI,ARGO GLOBAL LISTED INFRASTRUCTURE LIMITED,Not Applic
ARG,ARGO INVESTMENTS LIMITED,Not Applic
AGY,ARGOSY MINERALS LIMITED,Materials
ARA,ARIADNE AUSTRALIA LIMITED,Commercial & Professional Services
AA2,ARIANA RESOURCES PLC,Materials
ARI,ARIKA RESOURCES LIMITED,Materials
ALL,ARISTOCRAT LEISURE LIMITED,Consumer Services
AHK,ARK MINES LIMITED,Materials
A1N,ARN MEDIA LIMITED,Media & Entertainment
ARX,AROA BIOSURGERY LIMITED,"Pharmaceuticals, Biotechnology & Life Sciences"
ALA,AROVELLA THERAPEUTICS LIMITED,"Pharmaceuticals, Biotechnology & Life Sciences"
AMD,ARROW MINERALS LTD,Materials
ARV,ARTEMIS RESOURCES LIMITED,Materials
ATG,ARTICORE GROUP LIMITED,Consumer Discretionary Distribution & Retail
AYA,ARTRYA LIMITED,Health Care Equipment & Services
AAJ,ARUMA RESOURCES LIMITED,Materials
AS1,ASARA RESOURCES LIMITED,Materials
AFA,ASF GROUP LIMITED,Financial Services
ASH,ASHLEY SERVICES GROUP LIMITED,Commercial & Professional Services
AZ9,ASIAN BATTERY METALS PLC,Materials
ATB,ASIAN DEVELOPMENT BANK,Not Applic
AS2,ASKARI METALS LIMITED,Materials
APZ,ASPEN GROUP,Equity Real Estate Investment Trusts (REITs)
ASP,ASPERMONT LIMITED.,Media & Entertainment
AKM,ASPIRE MINING LIMITED,Materials
ASV,ASSET VISION CO LTD,Commercial & Professional Services
AOH,ASSETORA LIMITED,Financial Services
APL,ASSOCIATE GLOBAL PARTNERS LIMITED,Financial Services
AAR,ASTRAL RESOURCES NL,Materials
ATR,ASTRON LIMITED,Materials
ASX,ASX LIMITED,Financial Services
AHN,ATHENA RESOURCES LIMITED,Materials
A11,ATLANTIC LITHIUM LIMITED,Materials
ALX,ATLAS ARTERIA,Transportation
ATP,ATLAS PEARLS LTD,Consumer Durables & Apparel
AEU,ATOMIC EAGLE LTD,Materials
AT1,ATOMO DIAGNOSTICS LIMITED,Health Care Equipment & Services
AMS,ATOMOS LIMITED,Consumer Durables & Apparel
ATA,ATTURRA LIMITED,Software & Services
AUB,AUB GROUP LIMITED,Insurance
AIA,AUCKLAND INTERNATIONAL AIRPORT LIMITED,Transportation
CYB,AUCYBER LIMITED,Software & Services
ACP,AUDALIA RESOURCES LIMITED,Materials
AUA,AUDEARA LIMITED,Consumer Durables & Apparel
AD8,AUDINATE GROUP LIMITED,Technology Hardware & Equipment
AKP,AUDIO PIXELS HOLDINGS LIMITED,Consumer Durables & Apparel
AUG,AUGUSTUS MINERALS LIMITED,Materials
AKN,AUKING MINING LIMITED,Materials
AUK,AUMAKE LIMITED.,Consumer Discretionary Distribution & Retail
AAM,AUMEGA METALS LTD,Materials
AEE,AURA ENERGY LIMITED,Energy
AUV,AURAVELLE METALS LIMITED,Materials
AKA,AUREKA LIMITED,Materials
AMI,AURELIA METALS LIMITED,Materials
AWJ,AURIC MINING LIMITED,Materials
AUR,AURIS MINERALS LIMITED,Materials
AZJ,AURIZON HOLDINGS LIMITED,Transportation
1AE,AURORA ENERGY METALS LIMITED,Materials
A3D,AURORA LABS LIMITED,Capital Goods
AUE,AURUM RESOURCES LIMITED,Materials
AUC,AUSGOLD LIMITED,Materials
AOA,AUSMON RESOURCES LIMITED,Materials
ANV,AUSNET SERVICES HOLDINGS PTY LTD,Not Applic
AQD,AUSQUEST LIMITED,Materials
ABB,AUSSIE BROADBAND LIMITED,Telecommunication Services
ASB,AUSTAL LIMITED,Capital Goods
AHC,AUSTCO HEALTHCARE LIMITED,Health Care Equipment & Services
ANG,AUSTIN ENGINEERING LIMITED,Capital Goods
AYT,AUSTIN METALS LIMITED,Materials
AGD,AUSTRAL GOLD LIMITED,Materials
AR1,AUSTRAL RESOURCES AUSTRALIA LTD,Materials
A8G,AUSTRALASIAN METALS LIMITED,Materials
AN3,AUSTRALIA AND NEW ZEALAND BANKING GROUP LIMITED.,Not Applic
AYM,AUSTRALIA UNITED MINING LIMITED,Materials
AAC,AUSTRALIAN AGRICULTURAL COMPANY LIMITED.,"Food, Beverage & Tobacco"
AAP,AUSTRALIAN AGRICULTURAL PROJECTS LIMITED,"Food, Beverage & Tobacco"
ABE,AUSTRALIAN BOND EXCHANGE HOLDINGS LIMITED,Financial Services
ACL,AUSTRALIAN CLINICAL LABS LIMITED,Health Care Equipment & Services
XCL,AUSTRALIAN COMMONWEALTH GOVERNMENT LOANS,Not Applic
ACM,AUSTRALIAN CRITICAL MINERALS LIMITED,Materials
AHF,AUSTRALIAN DAIRY NUTRITIONALS LIMITED,"Food, Beverage & Tobacco"
AEF,AUSTRALIAN ETHICAL INVESTMENT LIMITED,Financial Services
AFG,AUSTRALIAN FINANCE GROUP LTD,Financial Services
AFI,AUSTRALIAN FOUNDATION INVESTMENT COMPANY LIMITED,Not Applic
AGC,AUSTRALIAN GOLD AND COPPER LTD,Materials
AUZ,AUSTRALIAN MINES LIMITED,Materials
AOK,AUSTRALIAN OIL COMPANY LIMITED.,Energy
AQC,AUSTRALIAN PACIFIC COAL LIMITED,Materials
AR3,AUSTRALIAN RARE EARTHS LIMITED,Materials
ASQ,AUSTRALIAN SILICA QUARTZ GROUP LTD,Materials
ASM,AUSTRALIAN STRATEGIC MATERIALS LIMITED,Materials
AUI,AUSTRALIAN UNITED INVESTMENT COMPANY LIMITED,Not Applic
AYU,AUSTRALIAN UNITY LIMITED,Not Applic
AOF,AUSTRALIAN UNITY OFFICE FUND,Equity Real Estate Investment Trusts (REITs)
AVL,AUSTRALIAN VANADIUM LIMITED,Materials
AVG,AUSTRALIAN VINTAGE LTD,"Food, Beverage & Tobacco"
ATS,AUSTRALIS OIL & GAS LIMITED,Energy
ASG,AUTOSPORTS GROUP LIMITED.,Consumer Discretionary Distribution & Retail
AVA,AVA RISK GROUP LIMITED,Technology Hardware & Equipment
AVD,AVADA GROUP LIMITED,Commercial & Professional Services
AVE,AVECHO BIOTECHNOLOGY LIMITED,"Pharmaceuticals, Biotechnology & Life Sciences"
AEV,AVENIRA LIMITED,Materials
AVW,AVIRA RESOURCES LTD,Materials
AVH,AVITA MEDICAL INC.,"Pharmaceuticals, Biotechnology & Life Sciences"
AXL,AXEL REE LIMITED,Materials
AXP,AXP ENERGY LIMITED,Energy
AXI,AXTEC LIMITED,Real Estate Management & Development
BBN,BABY BUNTING GROUP LIMITED,Consumer Discretionary Distribution & Retail
BPP,BABYLON PUMP & POWER LIMITED,Capital Goods
BTI,BAILADOR TECHNOLOGY INVESTMENTS LIMITED,Financial Services
BM1,BALLARD MINING LIMITED,Materials
BMR,BALLYMORE RESOURCES LIMITED,Materials
B01,BANCO SANTANDER S.A.,Not Applic
BOQ,BANK OF QUEENSLAND LIMITED.,Banks
BMN,BANNERMAN ENERGY LTD,Energy
BAP,BAPCOR LIMITED,Consumer Discretionary Distribution & Retail
BAK,BARKLY RARE EARTHS LIMITED,Class Pend
BGD,BARTON GOLD HOLDINGS LIMITED,Materials
BSN,BASIN ENERGY LIMITED,Energy
BAS,BASS OIL LIMITED,Energy
BMO,BASTION MINERALS LIMITED,Materials
BRL,BATHURST RESOURCES LIMITED.,Materials
BM8,BATTERY AGE MINERALS LTD,Materials
BMH,BAUMART HOLDINGS LIMITED,Capital Goods
BMM,BAYAN MINING AND MINERALS LIMITED,Materials
BDX,BCAL DIAGNOSTICS LIMITED,"Pharmaceuticals, Biotechnology & Life Sciences"
BCI,BCI MINERALS LIMITED,Materials
BPT,BEACH ENERGY LIMITED,Energy
BLX,BEACON LIGHTING GROUP LIMITED,Consumer Discretionary Distribution & Retail
BCN,BEACON MINERALS LIMITED,Materials
BCC,BEAM COMMUNICATIONS HOLDINGS LIMITED,Technology Hardware & Equipment
BMT,BEAMTREE HOLDINGS LIMITED,Health Care Equipment & Services
BTL,BEETALOO ENERGY AUSTRALIA LIMITED,Energy
B4P,BEFOREPAY GROUP LIMITED,Financial Services
BGA,BEGA CHEESE LIMITED,"Food, Beverage & Tobacco"
BRX,BELARAROX LIMITED,Materials
BFG,BELL FINANCIAL GROUP LIMITED,Financial Services
BVR,BELLAVISTA RESOURCES LTD,Materials
BGL,BELLEVUE GOLD LIMITED,Materials
BEN,BENDIGO AND ADELAIDE BANK LIMITED,Banks
BHD,BENJAMIN HORNIGOLD LIMITED,Not Applic
BEL,BENTLEY CAPITAL LIMITED,Not Applic
BNZ,BENZ MINING CORP.,Materials
BEO,BEONIC LTD,Software & Services
BKY,BERKELEY ENERGIA LIMITED,Energy
BEZ,BESRA GOLD INC.,Materials
BET,BETMAKERS TECHNOLOGY GROUP LTD,Consumer Services
BBT,BETR ENTERTAINMENT LIMITED,Consumer Services
BWN,BHAGWAN MARINE LIMITED,Transportation
BHP,BHP GROUP LIMITED,Materials
BRI,BIG RIVER INDUSTRIES LIMITED,Materials
BIM,BINDI METALS LIMITED,Materials
BGT,BIO-GENE TECHNOLOGY LTD,Materials
BIO,BIOME AUSTRALIA LIMITED,Household & Personal Products
BIT,BIOTRON LIMITED,"Pharmaceuticals, Biotechnology & Life Sciences"
BXN,BIOXYNE LIMITED,Household & Personal Products
BIS,BISALLOY STEEL GROUP LIMITED,Materials
BKI,BKI INVESTMENT COMPANY LIMITED,Not Applic
BKB,BLACK BEAR MINERALS LIMITED,Materials
BCA,BLACK CANYON LIMITED,Materials
BC8,BLACK CAT SYNDICATE LIMITED,Materials
BHL,BLACK HORSE MINING LIMITED,Materials
BPG,BLACK PEARL GROUP LIMITED,Software & Services
BKT,BLACK ROCK MINING LIMITED,Materials
BSX,BLACKSTONE MINERALS LIMITED,Materials
BWF,BLACKWALL LIMITED,Financial Services
BLZ,BLAZE MINERALS LIMITED,Energy
BB1,BLINKLAB LIMITED,Health Care Equipment & Services
XYZ,"BLOCK, INC.",Financial Services
BLU,BLUE ENERGY LIMITED.,Energy
BNL,BLUE STAR HELIUM LIMITED,Energy
BSL,BLUESCOPE STEEL LIMITED,Materials
BS1,BLUESTONE PRIME 2024-1 TRUST,Not Applic
BLG,BLUGLASS LIMITED,Semiconductors & Semiconductor Equipment
BMC,BMC MINERALS LTD.,Materials
BMG,BMG RESOURCES LIMITED,Materials
BBC,BNK BANKING CORPORATION LIMITED,Banks
BOA,BOA RESOURCES LTD,Materials
BML,BOAB METALS LIMITED,Materials
BOL,BOOM LOGISTICS LIMITED,Capital Goods
BOE,BOSS ENERGY LTD,Energy
BTE,BOTALA ENERGY LTD,Energy
BOT,BOTANIX PHARMACEUTICALS LTD,"Pharmaceuticals, Biotechnology & Life Sciences"
BOC,BOUGAINVILLE COPPER LIMITED,Materials
BUY,BOUNTY OIL & GAS NL,Energy
BCB,BOWEN COKING COAL LIMITED,Materials
BP1,BP CAPITAL MARKETS P.L.C.,Not Applic
BPH,BPH ENERGY LTD,Financial Services
BP8,BPH GLOBAL LTD,"Pharmaceuticals, Biotechnology & Life Sciences"
BPM,BPM MINERALS LIMITED,Materials
BRN,BRAINCHIP HOLDINGS LTD,Software & Services
BXB,BRAMBLES LIMITED,Commercial & Professional Services
BVS,BRAVURA SOLUTIONS LIMITED.,Software & Services
BCM,BRAZILIAN CRITICAL MINERALS LIMITED,Materials
BRE,BRAZILIAN RARE EARTHS LIMITED,Materials
BTM,BREAKTHROUGH MINERALS LIMITED,Energy
BRG,BREVILLE GROUP LIMITED,Consumer Durables & Apparel
BGE,BRIDGE SAAS LIMITED,Software & Services
BTR,BRIGHTSTAR RESOURCES LIMITED,Materials
BBL,BRISBANE BRONCOS LIMITED,Media & Entertainment
BGP,BRISCOE GROUP AUSTRALASIA LIMITED,Consumer Discretionary Distribution & Retail
BCK,BROCKMAN MINING LIMITED,Materials
BHM,BROKEN HILL MINES LIMITED,Materials
BRK,BROOKSIDE ENERGY LIMITED,Energy
BSA,BSA LIMITED,Commercial & Professional Services
BFL,BSP FINANCIAL GROUP LIMITED,Banks
BTC,BTC HEALTH LTD,Not Applic
BUS,BUBALUS RESOURCES LIMITED,Materials
BUB,BUBS AUSTRALIA LIMITED,"Food, Beverage & Tobacco"
BNR,BULLETIN RESOURCES LIMITED,Materials
BDM,BURGUNDY DIAMOND MINES LIMITED,Materials
BUR,BURLEY MINERALS LTD,Materials
BRU,BURU ENERGY LIMITED,Energy
BTN,BUTN LIMITED,Financial Services
BUX,BUXTON RESOURCES LIMITED,Materials
BWP,BWP GROUP,Equity Real Estate Investment Trusts (REITs)
C29,C29 METALS LIMITED,Materials
CDM,CADENCE CAPITAL LIMITED,Not Applic
CDO,CADENCE OPPORTUNITIES FUND LIMITED.,Not Applic
CCM,CADOUX LIMITED,Materials
DXA,CAISSE FRANCAISE DE FINANCEMENT LOCAL,Not Applic
CXL,CALIX LIMITED,Materials
CMB,CAMBIUM BIO LIMITED,"Pharmaceuticals, Biotechnology & Life Sciences"
CHL,CAMPLIFY HOLDINGS LIMITED,Transportation
CP8,CANADIAN PHOSPHATE LIMITED,Materials
CAN,CANN GROUP LIMITED,"Pharmaceuticals, Biotechnology & Life Sciences"
CAE,CANNINDAH RESOURCES LIMITED,Materials
CBY,CANTERBURY RESOURCES LIMITED,Materials
CAY,CANYON RESOURCES LIMITED,Materials
CAA,CAPRAL LIMITED,Materials
CRS,CAPRICE RESOURCES LTD,Materials
CMM,CAPRICORN METALS LTD,Materials
CSC,CAPSTONE COPPER CORP.,Materials
CAQ,CAQ HOLDINGS LIMITED,Real Estate Management & Development
CAR,CAR GROUP LIMITED,Media & Entertainment
CVV,CARAVEL MINERALS LIMITED,Materials
CRB,CARBINE RESOURCES LIMITED,Materials
CG1,CARBONXT GROUP LIMITED,Materials
CTQ,CARETEQ LIMITED,Health Care Equipment & Services
CDP,CARINDALE PROPERTY TRUST,Equity Real Estate Investment Trusts (REITs)
CIN,CARLTON INVESTMENTS LIMITED,Not Applic
CMA,CARMA LIMITED,Consumer Discretionary Distribution & Retail
CNB,CARNABY RESOURCES LIMITED,Materials
CVN,CARNARVON ENERGY LIMITED,Energy
CAV,CARNAVALE RESOURCES LIMITED,Materials
CCE,CARNEGIE CLEAN ENERGY LIMITED,Utilities
CCV,CASH CONVERTERS INTERNATIONAL,Financial Services
CPN,CASPIN RESOURCES LIMITED,Materials
CMD,CASSIUS MINING LIMITED,Materials
CST,CASTILE RESOURCES LTD,Materials
CDT,CASTLE MINERALS LIMITED,Materials
CTN,CATALINA RESOURCES LTD,Materials
CYL,CATALYST METALS LIMITED,Materials
CAT,CATAPULT SPORTS LTD,Software & Services
CXU,CAULDRON ENERGY LIMITED,Energy
CVR,CAVALIER RESOURCES LIMITED,Materials
CAZ,CAZALY RESOURCES LIMITED,Materials
CD1,CD PRIVATE EQUITY FUND I,Not Applic
CD2,CD PRIVATE EQUITY FUND II,Not Applic
CD3,CD PRIVATE EQUITY FUND III,Not Applic
CWP,CEDAR WOODS PROPERTIES LIMITED,Real Estate Management & Development
CLA,CELSIUS RESOURCES LIMITED.,Materials
CTM,CENTAURUS METALS LIMITED,Materials
CTP,CENTRAL PETROLEUM LIMITED,Energy
CAF,CENTREPOINT ALLIANCE LIMITED,Financial Services
CNI,CENTURIA CAPITAL GROUP,Equity Real Estate Investment Trusts (REITs)
CIP,CENTURIA INDUSTRIAL REIT,Equity Real Estate Investment Trusts (REITs)
COF,CENTURIA OFFICE REIT,Equity Real Estate Investment Trusts (REITs)
CTT,CETTIRE LIMITED,Consumer Discretionary Distribution & Retail
CGR,CGN RESOURCES LIMITED,Materials
CHN,CHALICE MINING LIMITED,Materials
CEL,CHALLENGER GOLD LIMITED,Materials
CIM,CHALLENGER IM CAPITAL LIMITED,Not Applic
CGF,CHALLENGER LIMITED,Financial Services
CIA,CHAMPION IRON LIMITED,Materials
CCA,CHANGE FINANCIAL LIMITED,Financial Services
CHI,CHANNEL INFRASTRUCTURE NZ LIMITED,Energy
CHR,CHARGER METALS NL,Materials
CC9,CHARIOT RESOURCES LTD,Materials
CHC,CHARTER HALL GROUP,Equity Real Estate Investment Trusts (REITs)
CLW,CHARTER HALL LONG WALE REIT,Equity Real Estate Investment Trusts (REITs)
CQR,CHARTER HALL RETAIL REIT,Equity Real Estate Investment Trusts (REITs)
CQE,CHARTER HALL SOCIAL INFRASTRUCTURE REIT,Equity Real Estate Investment Trusts (REITs)
CMX,CHEMX MATERIALS LIMITED,Materials
CHW,CHILWA MINERALS LTD,Materials
CHM,CHIMERIC THERAPEUTICS LIMITED,"Pharmaceuticals, Biotechnology & Life Sciences"
CNU,CHORUS LIMITED,Telecommunication Services
C79,CHRYSOS CORPORATION LIMITED,Commercial & Professional Services
CTO,CITIGOLD CORPORATION LIMITED,Materials
CCX,CITY CHIC COLLECTIVE LIMITED,Consumer Discretionary Distribution & Retail
CVL,CIVMEC LIMITED,Capital Goods
CL8,CL8 HOLDINGS LIMITED,Transportation
C7A,CLARA RESOURCES AUSTRALIA LTD,Materials
CU6,CLARITY PHARMACEUTICALS LTD,"Pharmaceuticals, Biotechnology & Life Sciences"
CLZ,CLASSIC MINERALS LTD,Materials
CNQ,CLEAN TEQ WATER LIMITED,Commercial & Professional Services
CWY,CLEANAWAY WASTE MANAGEMENT LIMITED,Commercial & Professional Services
CSX,CLEANSPACE HOLDINGS LIMITED,Health Care Equipment & Services
CVW,CLEARVIEW WEALTH LIMITED,Insurance
CPV,CLEARVUE TECHNOLOGIES LIMITED,Capital Goods
COV,CLEO DIAGNOSTICS LTD,"Pharmaceuticals, Biotechnology & Life Sciences"
CC5,CLEVER CULTURE SYSTEMS LIMITED,Health Care Equipment & Services
CAM,CLIME CAPITAL LIMITED,Not Applic
CIW,CLIME INVESTMENT MANAGEMENT LTD,Financial Services
CUV,CLINUVEL PHARMACEUTICALS LIMITED,"Pharmaceuticals, Biotechnology & Life Sciences"
CLG,CLOSE THE LOOP LTD.,Commercial & Professional Services
CLV,CLOVER CORPORATION LIMITED,Materials
CLU,CLUEY LTD,Consumer Services
CEH,COAST ENTERTAINMENT HOLDINGS LIMITED,Consumer Services
COB,COBALT BLUE HOLDINGS LIMITED,Materials
CBO,COBRAM ESTATE OLIVES LIMITED,"Food, Beverage & Tobacco"
CBE,COBRE LIMITED,Materials
COH,COCHLEAR LIMITED,Health Care Equipment & Services
COD,CODA MINERALS LTD,Materials
CDA,CODAN LIMITED,Technology Hardware & Equipment
CDE,CODEIFAI LIMITED,Commercial & Professional Services
CDR,CODRUS MINERALS LIMITED,Materials
COG,COG FINANCIAL SERVICES LIMITED,Financial Services
CGS,COGSTATE LTD,Health Care Equipment & Services
CKA,COKAL LIMITED,Materials
COL,COLES GROUP LIMITED.,Consumer Staples Distribution & Retail
CKF,COLLINS FOODS LIMITED,Consumer Services
COI,COMET RIDGE LIMITED,Energy
CBA,COMMONWEALTH BANK OF AUSTRALIA.,Banks
CCG,COMMS GROUP LTD,Telecommunication Services
CF1,COMPLII FINTECH SOLUTIONS LTD,Software & Services
CMP,COMPUMEDICS LIMITED,Health Care Equipment & Services
CPU,COMPUTERSHARE LIMITED.,Commercial & Professional Services
CND,CONDOR ENERGY LIMITED,Energy
CNJ,CONICO LTD,Materials
CML,CONNECTED MINERALS LIMITED,Technology Hardware & Equipment
CQT,CONNEQT HEALTH LIMITED,Health Care Equipment & Services
CXZ,CONNEXION MOBILITY LTD,Software & Services
CRD,CONRAD ASIA ENERGY LTD.,Energy
CR1,CONSTELLATION RESOURCES LIMITED,Materials
CT1,CONSTELLATION TECHNOLOGIES LIMITED,Technology Hardware & Equipment
CEN,CONTACT ENERGY LIMITED,Utilities
CBL,CONTROL BIONICS LIMITED,Health Care Equipment & Services
CPM,COOPER METALS LIMITED,Materials
COY,COPPERMOLY LIMITED,Materials
CZN,CORAZON MINING LIMITED,Materials
CR3,CORE ENERGY MINERALS LTD,Materials
CXO,CORE LITHIUM LTD,Materials
CR9,CORELLA RESOURCES LTD,Materials
CRN,CORONADO GLOBAL RESOURCES INC.,Materials
CTD,CORPORATE TRAVEL MANAGEMENT LIMITED,Consumer Services
CMO,COSMO METALS LIMITED,Materials
C1X,COSMOS EXPLORATION LIMITED,Materials
COS,COSOL LIMITED,Software & Services
CUP,COUNT LIMITED,Commercial & Professional Services
CYG,COVENTRY GROUP LIMITED,Capital Goods
CGO,CPT GLOBAL LIMITED,Software & Services
CCR,CREDIT CLEAR LIMITED,Software & Services
CCP,CREDIT CORP GROUP LIMITED,Financial Services
CI1,CREDIT INTELLIGENCE LTD,Commercial & Professional Services
CRI,CRITICA LIMITED,Materials
CMG,CRITICAL MINERALS GROUP LIMITED,Materials
CRR,CRITICAL RESOURCES LIMITED,Materials
CMW,CROMWELL PROPERTY GROUP,Equity Real Estate Investment Trusts (REITs)
CTE,CRYOSITE LIMITED,"Pharmaceuticals, Biotechnology & Life Sciences"
CPL,CSL FINANCE PLC,Not Applic
CSL,CSL LIMITED,"Pharmaceuticals, Biotechnology & Life Sciences"
CLX,CTI LOGISTICS LIMITED,Transportation
CUE,CUE ENERGY RESOURCES LIMITED,Energy
CUF,CUFE LTD,Materials
CUL,CULLEN RESOURCES LIMITED,Materials
CPO,CULPEO MINERALS LIMITED,Materials
CVB,CURVEBEAM AI LIMITED,Health Care Equipment & Services
CCL,CUSCAL LIMITED,Financial Services
CVC,CVC LIMITED,Financial Services
CYQ,CYCLIQ GROUP LTD,Consumer Durables & Apparel
CLE,CYCLONE METALS LIMITED,Materials
CYC,CYCLOPHARM LIMITED,Health Care Equipment & Services
CY5,CYGNUS METALS LIMITED,Materials
CYP,CYNATA THERAPEUTICS LIMITED,"Pharmaceuticals, Biotechnology & Life Sciences"
CYM,CYPRIUM METALS LIMITED,Materials
CZR,CZR RESOURCES LTD,Materials
D3E,D3 ENERGY LIMITED,Energy
DAL,DALAROO METALS LTD,Materials
DBI,DALRYMPLE BAY INFRASTRUCTURE LIMITED,Transportation
DTM,DART MINING NL,Materials
DTL,DATA#3 LIMITED,Software & Services
DDT,DATADOT TECHNOLOGY LIMITED,Automobiles & Components
DWG,DATAWORKS GROUP LIMITED,Software & Services
DTR,DATELINE RESOURCES LIMITED,Materials
DEM,DE.MEM LIMITED,Utilities
DAI,DECIDR AI INDUSTRIES LTD,"Food, Beverage & Tobacco"
DYL,DEEP YELLOW LIMITED,Energy
DEL,DELOREAN CORPORATION LIMITED,Utilities
DLI,DELTA LITHIUM LIMITED,Materials
DGH,DESANE GROUP HOLDINGS LIMITED,Real Estate Management & Development
DM1,DESERT METALS LIMITED,Materials
DSM,DESERT MINERALS LTD,Materials
DES,DESOTO RESOURCES LIMITED,Materials
DRR,DETERRA ROYALTIES LIMITED,Materials
DVP,DEVELOP GLOBAL LIMITED,Materials
DEV,DEVEX RESOURCES LIMITED,Energy
DXS,DEXUS,Equity Real Estate Investment Trusts (REITs)
DXC,DEXUS CONVENIENCE RETAIL REIT,Equity Real Estate Investment Trusts (REITs)
DXI,DEXUS INDUSTRIA REIT.,Equity Real Estate Investment Trusts (REITs)
DGL,DGL GROUP LIMITED,Materials
DGR,DGR GLOBAL LIMITED,Materials
DBO,DIABLO RESOURCES LIMITED,Materials
DRX,DIATREME RESOURCES LIMITED,Materials
DDR,DICKER DATA LIMITED,Technology Hardware & Equipment
DGT,DIGICO INFRASTRUCTURE REIT,Class Pend
DCC,DIGITALX LIMITED,Software & Services
DXB,DIMERIX LIMITED,"Pharmaceuticals, Biotechnology & Life Sciences"
DAF,DISCOVERY ALASKA LIMITED,Materials
DUI,DIVERSIFIED UNITED INVESTMENT LIMITED,Not Applic
DJW,DJERRIWARRH INVESTMENTS LIMITED,Not Applic
DMM,DMC MINING LIMITED.,Materials
DOC,DOCTOR CARE ANYWHERE GROUP PLC,Health Care Equipment & Services
DME,DOME GOLD MINES LIMITED,Materials
DN1,DOMINION INCOME TRUST 1,Not Applic
DMN,DOMINION INVESTMENT GROUP LIMITED,Not Applic
DMP,DOMINO'S PIZZA ENTERPRISES LIMITED,Consumer Services
DVL,DORSAVI LTD,"Pharmaceuticals, Biotechnology & Life Sciences"
DTZ,DOTZ NANO LIMITED,Technology Hardware & Equipment
DOW,DOWNER EDI LIMITED,Commercial & Professional Services
DPM,DPM METALS INC.,Materials
DMG,DRAGON MOUNTAIN GOLD LIMITED,Materials
DRE,DREADNOUGHT RESOURCES LTD,Materials
DA8,DRIVER AUSTRALIA EIGHT TRUST,Not Applic
DAM,DRIVER AUSTRALIA MASTER TRUST,Not Applic
DA9,DRIVER AUSTRALIA NINE TRUST,Not Applic
DAT,DRIVER AUSTRALIA SEVEN TRUST,Not Applic
D10,DRIVER AUSTRALIA TEN TRUST,Not Applic
DRO,DRONESHIELD LIMITED,Capital Goods
DTI,DTI GROUP LTD,Technology Hardware & Equipment
DUB,DUBBER CORPORATION LIMITED,Software & Services
DUG,DUG TECHNOLOGY LTD,Software & Services
DKM,DUKETON MINING LIMITED,Materials
DUN,DUNDAS MINERALS LIMITED,Materials
DUR,DURATEC LIMITED,Capital Goods
DSK,DUSK GROUP LIMITED,Consumer Discretionary Distribution & Retail
DBF,DUXTON FARMS LTD,"Food, Beverage & Tobacco"
DXN,DXN LIMITED,Software & Services
DYM,DYNAMIC METALS LIMITED,Materials
DNL,DYNO NOBEL LIMITED.,Materials
E79,E79 GOLD MINES LIMITED,Materials
APE,EAGERS AUTOMOTIVE LIMITED,Consumer Discretionary Distribution & Retail
EM2,EAGLE MOUNTAIN MINING LIMITED,Materials
EPY,EARLYPAY LTD,Financial Services
EE1,EARTHS ENERGY LIMITED,Materials
EGA,EASTERN GAS CORPORATION LIMITED,Class Pend
EMS,EASTERN METALS LIMITED,Materials
EFE,EASTERN RESOURCES LIMITED,Materials
EBO,EBOS GROUP LIMITED,Health Care Equipment & Services
EBR,EBR SYSTEMS INC.,Health Care Equipment & Services
ECH,ECHELON RESOURCES LIMITED,Energy
EIQ,ECHOIQ LIMITED,Software & Services
EPM,ECLIPSE METALS LIMITED.,Energy
EGR,ECOGRAF LIMITED,Materials
ECP,ECP EMERGING GROWTH LIMITED,Not Applic
ECS,ECS BOTANICS HOLDINGS LTD,"Pharmaceuticals, Biotechnology & Life Sciences"
EDE,EDEN INNOVATIONS LTD,Energy
EDU,EDU HOLDINGS LIMITED,Consumer Services
ECF,ELANOR COMMERCIAL PROPERTY FUND,Equity Real Estate Investment Trusts (REITs)
ENN,ELANOR INVESTORS GROUP,Consumer Services
ELD,ELDERS LIMITED,"Food, Beverage & Tobacco"
EOS,ELECTRO OPTIC SYSTEMS HOLDINGS LIMITED,Capital Goods
E25,ELEMENT 25 LIMITED,Materials
ELT,ELEMENTOS LIMITED,Materials
EL8,ELEVATE URANIUM LTD,Energy
ELV,ELEVRA LITHIUM LIMITED,Materials
EXL,ELIXINOL WELLNESS LIMITED,Household & Personal Products
EXR,ELIXIR ENERGY LIMITED,Energy
ELS,ELSIGHT LIMITED,Technology Hardware & Equipment
EVO,EMBARK EARLY EDUCATION LIMITED,Consumer Services
EMB,EMBELTON LIMITED,Capital Goods
EM3,EMC GOLD CORPORATION,Materials
EHL,EMECO HOLDINGS LIMITED,Capital Goods
EMR,EMERALD RESOURCES NL,Materials
EMT,EMETALS LIMITED,Not Applic
EMA,EMINENCE MINERALS LIMITED,Materials
EMI,EMIRATES NBD PJSC,Not Applic
EML,EML PAYMENTS LIMITED,Financial Services
ERM,EMMERSON RESOURCES LIMITED,Materials
EMP,EMPEROR ENERGY LIMITED,Energy
ERL,EMPIRE RESOURCES LIMITED,Materials
EMU,EMU NL,Materials
EMV,EMVISION MEDICAL DEVICES LTD,Health Care Equipment & Services
EMD,EMYRIA LIMITED,Health Care Equipment & Services
ENR,ENCOUNTER RESOURCES LIMITED,Materials
EDV,ENDEAVOUR GROUP LIMITED,Consumer Staples Distribution & Retail
ERG,ENECO REFRESH LTD,"Food, Beverage & Tobacco"
ENX,ENEGEX LIMITED,Materials
EAX,ENERGY ACTION LIMITED,Commercial & Professional Services
EME,ENERGY METALS LTD,Energy
EOL,ENERGY ONE LIMITED,Software & Services
ERA,ENERGY RESOURCES OF AUSTRALIA LIMITED,Energy
EGY,ENERGY TECHNOLOGIES LIMITED,Capital Goods
ETM,ENERGY TRANSITION MINERALS LTD,Materials
EWC,ENERGY WORLD CORPORATION LTD,Utilities
EGG,ENERO GROUP LIMITED,Media & Entertainment
ENL,ENLITIC INC.,Health Care Equipment & Services
ENV,ENOVA MINING LIMITED,Materials
EEL,ENRG ELEMENTS LTD,Materials
ENT,ENTERPRISE METALS LIMITED,Materials
EAT,ENTERTAINMENT REWARDS LTD,Media & Entertainment
ENP,ENTROPY NEURODYNAMICS LIMITED,"Pharmaceuticals, Biotechnology & Life Sciences"
ECT,ENVIRONMENTAL CLEAN TECHNOLOGIES LIMITED.,Commercial & Professional Services
EGL,ENVIRONMENTAL GROUP LIMITED (THE),Capital Goods
EPI,EPIMINDER LIMITED,Health Care Equipment & Services
EPN,EPSILON HEALTHCARE LIMITED,"Pharmaceuticals, Biotechnology & Life Sciences"
EPX,EPX LIMITED,Software & Services
EQR,EQ RESOURCES LIMITED,Materials
EQT,EQT HOLDINGS LIMITED,Financial Services
EQX,EQUATORIAL RESOURCES LIMITED,Materials
EQS,EQUITY STORY GROUP LTD,Financial Services
EQU,EQUUS ENERGY LIMITED,Class Pend
ERD,EROAD LIMITED,Technology Hardware & Equipment
ESR,ESTRELLA RESOURCES LIMITED,Materials
ESK,ETHERSTACK PLC,Software & Services
EGH,EUREKA GROUP HOLDINGS LIMITED,Real Estate Management & Development
EMN,EURO MANGANESE INC,Materials
EUR,EUROPEAN LITHIUM LIMITED,Materials
EMH,EUROPEAN METALS HOLDINGS LIMITED,Materials
ERE,EUROPEAN RESOURCES LIMITED,Materials
EZL,EUROZ HARTLEYS GROUP LIMITED,Financial Services
EVR,EV RESOURCES LTD,Materials
EVE,EVE HEALTH GROUP LIMITED.,Financial Services
EMC,EVEREST METALS CORPORATION LTD,Materials
EG1,EVERGOLD MINERALS LIMITED,Materials
EV8,EVERLAST MINERALS LTD.,Materials
EVG,EVION GROUP NL,Materials
EV1,EVOLUTION ENERGY MINERALS LIMITED,Materials
EVN,EVOLUTION MINING LIMITED,Materials
EVT,EVT LIMITED,Media & Entertainment
EVZ,EVZ LIMITED,Capital Goods
ECL,EXCELSIOR CAPITAL LTD,Capital Goods
EXT,EXCITE TECHNOLOGY SERVICES LTD,Software & Services
EXP,EXPERIENCE CO LIMITED,Consumer Services
10X,EXULTANT MINING LIMITED,Materials
EZZ,EZZ LIFE SCIENCE HOLDINGS LIMITED,Consumer Discretionary Distribution & Retail
FAL,FALCON METALS LTD,Materials
FEG,FAR EAST GOLD LTD,Materials
FAR,FAR LIMITED,Energy
FNR,FAR NORTHERN RESOURCES LIMITED,Materials
FRM,FARM PRIDE FOODS LIMITED,"Food, Beverage & Tobacco"
FPC,FAT PROPHETS GLOBAL CONTRARIAN FUND LTD,Not Applic
FFG,FATFISH GROUP LIMITED,Financial Services
FBR,FBR LTD,Capital Goods
FXG,FELIX GOLD LIMITED,Materials
FLX,FELIX GROUP HOLDINGS LTD,Software & Services
FEX,FENIX RESOURCES LTD,Materials
FFI,FFI HOLDINGS LIMITED,"Food, Beverage & Tobacco"
FID,FIDUCIAN GROUP LIMITED,Financial Services
FIN,FIN RESOURCES LIMITED,Materials
FRI,FINBAR GROUP LIMITED,Real Estate Management & Development
FDR,FINDER ENERGY HOLDINGS LIMITED,Energy
FND,FINDI LIMITED,Software & Services
FCL,FINEOS CORPORATION HOLDINGS PLC,Software & Services
FNX,FINEXIA FINANCIAL GROUP LIMITED,Financial Services
FRB,FIREBIRD METALS LIMITED,Materials
FRE,FIREBRICK PHARMA LIMITED,"Pharmaceuticals, Biotechnology & Life Sciences"
FFM,FIREFLY METALS LTD,Materials
FAU,FIRST AU LIMITED,Materials
FGR,FIRST GRAPHENE LIMITED,Materials
FL1,FIRST LITHIUM LIMITED,Materials
FM3,FIRSTMAC MORTGAGE FUNDING TRUST NO. 4 SERIES 1-2020,Not Applic
FM2,FIRSTMAC MORTGAGE FUNDING TRUST NO.4 SERIES 2-2019,Not Applic
FM5,FIRSTMAC MORTGAGE FUNDING TRUST NO.4 SERIES 2-2020,Not Applic
FM4,FIRSTMAC MORTGAGE FUNDING TRUST NO.4 SERIES 3PP-2019,Not Applic
FM1,FIRSTMAC MORTGAGE FUNDING TRUST NO.4 SERIES 4-2019,Not Applic
FCT,FIRSTWAVE CLOUD TECHNOLOGY LIMITED,Software & Services
FPH,FISHER & PAYKEL HEALTHCARE CORPORATION LIMITED,Health Care Equipment & Services
FZR,FITZROY RIVER CORPORATION LTD,Energy
FSI,FLAGSHIP INVESTMENTS LIMITED,Not Applic
FLG,FLAGSHIP MINERALS LIMITED,Materials
FPR,FLEETPARTNERS GROUP LIMITED,Financial Services
FWD,FLEETWOOD LIMITED,Consumer Durables & Apparel
FBU,FLETCHER BUILDING LIMITED,Capital Goods
FRX,FLEXIROAM LIMITED,Telecommunication Services
FLT,FLIGHT CENTRE TRAVEL GROUP LIMITED,Consumer Services
FLC,FLUENCE CORPORATION LIMITED,Utilities
FG1,FLYNN GOLD LIMITED,Materials
FMR,FMR RESOURCES LIMITED,Media & Entertainment
FML,FOCUS MINERALS LTD,Materials
FGH,FORESTA GROUP HOLDINGS LIMITED,Materials
FRS,FORRESTANIA RESOURCES LIMITED,Materials
FMG,FORTESCUE LTD,Materials
FTI,FORTIFAI LTD,Media & Entertainment
FUN,FORTUNA METALS LTD,Materials
FOS,FOS CAPITAL LTD,Capital Goods
FCG,FREEDOM CARE GROUP HOLDINGS LIMITED,Health Care Equipment & Services
FHS,FREEHILL MINING LIMITED.,Materials
FLN,FREELANCER LIMITED,Commercial & Professional Services
FRW,FREIGHTWAYS GROUP LIMITED,Transportation
FDV,FRONTIER DIGITAL VENTURES LIMITED,Media & Entertainment
FHE,FRONTIER ENERGY LIMITED,Materials
FSA,FSA GROUP LIMITED,Financial Services
FUL,FULCRUM LITHIUM LTD,Materials
FGX,FUTURE GENERATION AUSTRALIA LIMITED,Not Applic
FGG,FUTURE GENERATION GLOBAL LIMITED,Not Applic
FME,FUTURE METALS NL,Energy
G11,G11 RESOURCES LIMITED,Materials
G50,G50 CORP LIMITED,Materials
GEM,G8 EDUCATION LIMITED,Consumer Services
GLN,GALAN LITHIUM LIMITED,Materials
GAP,GALE PACIFIC LIMITED,Consumer Durables & Apparel
GLL,GALILEE ENERGY LIMITED,Energy
GAL,GALILEO MINING LTD,Materials
GDF,GARDA PROPERTY GROUP,Equity Real Estate Investment Trusts (REITs)
GML,GATEWAY MINING LIMITED,Materials
GTH,GATHID LTD,Software & Services
GBM,GBM RESOURCES LIMITED.,Materials
GCM,GCM CORPORATION LIMITED,Materials
GDI,GDI PROPERTY GROUP,Equity Real Estate Investment Trusts (REITs)
GLF,GEMLIFE COMMUNITIES GROUP,Real Estate Management & Development
GDG,GENERATION DEVELOPMENT GROUP LIMITED,Insurance
GNE,GENESIS ENERGY LIMITED,Utilities
GMD,GENESIS MINERALS LIMITED,Materials
GES,GENESIS RESOURCES LIMITED,Materials
GSS,GENETIC SIGNATURES LIMITED,"Pharmaceuticals, Biotechnology & Life Sciences"
GTG,GENETIC TECHNOLOGIES LIMITED,"Pharmaceuticals, Biotechnology & Life Sciences"
GEN,GENMIN LIMITED,Materials
GTK,GENTRACK GROUP LIMITED,Software & Services
GNP,GENUSPLUS GROUP LTD,Capital Goods
GPR,GEOPACIFIC RESOURCES LTD,Materials
GIB,GIBB RIVER DIAMONDS LIMITED,Materials
GC1,GLENNON SMALL COMPANIES LIMITED,Not Applic
GLE,GLG CORP LTD,Consumer Durables & Apparel
GLH,GLOBAL HEALTH LIMITED,Health Care Equipment & Services
GL1,GLOBAL LITHIUM RESOURCES LIMITED,Materials
GFL,GLOBAL MASTERS FUND LIMITED,Not Applic
GUE,GLOBAL URANIUM AND ENRICHMENT LTD,Materials
GLB,GLOBE INTERNATIONAL LIMITED,Consumer Durables & Apparel
GBE,GLOBE METALS & MINING LIMITED,Materials
GRL,GODOLPHIN RESOURCES LIMITED,Materials
GHY,GOLD HYDROGEN LIMITED,Energy
GMN,GOLD MOUNTAIN LIMITED,Materials
GA8,GOLDARC RESOURCES LIMITED,Materials
GCR,GOLDEN CROSS RESOURCES LTD,Materials
GED,GOLDEN DEEPS LIMITED.,Materials
GDR,GOLDEN DRAGON MINING LTD,Materials
GGR,GOLDEN GLOBE RESOURCES LTD.,Materials
GHM,GOLDEN HORSE MINERALS LIMITED,Materials
G88,GOLDEN MILE RESOURCES LTD,Materials
GSM,GOLDEN STATE MINING LIMITED,Materials
GMG,GOODMAN GROUP,Equity Real Estate Investment Trusts (REITs)
GG8,GORILLA GOLD MINES LTD,Materials
GOW,GOWING BROS LIMITED,Financial Services
GPT,GPT GROUP,Equity Real Estate Investment Trusts (REITs)
GQG,GQG PARTNERS INC.,Financial Services
GNG,GR ENGINEERING SERVICES LIMITED,Materials
GNC,GRAINCORP LIMITED,Consumer Staples Distribution & Retail
GGE,GRAND GULF ENERGY LIMITED,Energy
GRR,GRANGE RESOURCES LIMITED.,Materials
GTI,GRATIFII LIMITED,Software & Services
GBR,GREAT BOULDER RESOURCES LIMITED,Materials
GR8,GREAT DIRT RESOURCES LTD,Materials
GDM,GREAT DIVIDE MINING LTD,Materials
GNM,GREAT NORTHERN MINERALS LIMITED,Materials
GSN,GREAT SOUTHERN MINING LIMITED,Materials
GTE,GREAT WESTERN EXPLORATION LIMITED.,Materials
GGP,GREATLAND RESOURCES LIMITED,Materials
GG1,GREEN & GOLD MINERALS LIMITED,Materials
GT1,GREEN TECHNOLOGY METALS LIMITED,Materials
GT3,GREEN360 TECHNOLOGIES LIMITED,Materials
H2G,GREENHY2 LIMITED,Commercial & Professional Services
GRE,GREENTECH METALS LIMITED,Materials
GRV,GREENVALE ENERGY LTD,Energy
GW1,GREENWING RESOURCES LTD,Materials
GRX,GREENX METALS LIMITED,Materials
G6M,GROUP 6 METALS LIMITED,Materials
G1C,GROUP ONE CAPITAL LIMITED,Real Estate Management & Development
GOZ,GROWTHPOINT PROPERTIES AUSTRALIA,Equity Real Estate Investment Trusts (REITs)
GCI,GRYPHON CAPITAL INCOME TRUST,Not Applic
GTN,GTN LIMITED,Media & Entertainment
GUL,GULLEWA LIMITED,Materials
GUM,GUMTREE AUSTRALIA MARKETS LIMITED,Media & Entertainment
GYG,GUZMAN Y GOMEZ LIMITED,Consumer Services
GWA,GWA GROUP LIMITED.,Capital Goods
GWR,GWR GROUP LIMITED,Materials
HCF,H&G HIGH CONVICTION LIMITED,Not Applic
H3E,H3 ENERGY LIMITED,Energy
HAL,HALO TECHNOLOGIES HOLDINGS LTD,Financial Services
HMG,HAMELIN GOLD LIMITED,Materials
HMX,HAMMER METALS LIMITED,Materials
HNG,HANCOCK & GORE LTD,Capital Goods
HSN,HANSEN TECHNOLOGIES LIMITED,Software & Services
HAR,HARANGA RESOURCES LIMITED.,Materials
HMY,HARMONEY CORP LIMITED,Financial Services
HT8,HARRIS TECHNOLOGY GROUP LIMITED,Transportation
HHR,HARTSHEAD RESOURCES NL,Energy
HTG,HARVEST TECHNOLOGY GROUP LTD,Technology Hardware & Equipment
HVN,HARVEY NORMAN HOLDINGS LIMITED,Consumer Discretionary Distribution & Retail
HAS,HASTINGS TECHNOLOGY METALS LTD,Materials
HAV,HAVILAH RESOURCES LIMITED,Materials
HWK,HAWK RESOURCES LIMITED.,Materials
HIO,HAWSONS IRON LTD,Materials
HAW,HAWTHORN RESOURCES LIMITED,Materials
HZR,HAZER GROUP LIMITED,Materials
HLS,HEALIUS LIMITED,Health Care Equipment & Services
HCW,HEALTHCO HEALTHCARE AND WELLNESS REIT,Equity Real Estate Investment Trusts (REITs)
HGH,HEARTLAND GROUP HOLDINGS LIMITED,Banks
HM1,HEARTS AND MINDS INVESTMENTS LIMITED,Not Applic
HVY,HEAVY MINERALS LIMITED,Materials
HRE,HEAVY RARE EARTHS LIMITED,Materials
HLI,HELIA GROUP LIMITED,Financial Services
HE8,HELIOS ENERGY LTD,Energy
HLX,HELIX RESOURCES LIMITED,Materials
HLO,HELLOWORLD TRAVEL LIMITED,Consumer Services
HMD,HERAMED LIMITED,Health Care Equipment & Services
HXL,HEXIMA LIMITED.,"Pharmaceuticals, Biotechnology & Life Sciences"
HPR,HIGH PEAK ROYALTIES LIMITED,Energy
HTM,HIGH-TECH METALS LTD,Materials
HCL,HIGHCOM LIMITED,Capital Goods
HFR,HIGHFIELD RESOURCES LIMITED,Materials
HGO,HILLGROVE RESOURCES LIMITED,Materials
HPG,HIPAGES GROUP HOLDINGS LTD,Media & Entertainment
HMI,HIREMII LIMITED,Commercial & Professional Services
HIT,HITECH GROUP AUSTRALIA LIMITED,Commercial & Professional Services
HIQ,HITIQ LIMITED,Health Care Equipment & Services
HMC,HMC CAPITAL LIMITED,Financial Services
HCT,HOLISTA COLLTECH LIMITED,Household & Personal Products
HDN,HOMECO DAILY NEEDS REIT,Equity Real Estate Investment Trusts (REITs)
HRN,HORIZON GOLD LIMITED,Materials
HRZ,HORIZON MINERALS LIMITED,Materials
HZN,HORIZON OIL LIMITED,Energy
HOR,HORSESHOE METALS LIMITED,Materials
HCH,HOT CHILI LIMITED,Materials
HUB,HUB24 LIMITED,Financial Services
HFY,HUBIFY LIMITED,Telecommunication Services
HUM,HUMM GROUP LIMITED,Financial Services
HYD,HYDRIX LIMITED,Technology Hardware & Equipment
HCD,HYDROCARBON DYNAMICS LIMITED,Energy
HYT,HYTERRA LTD,Energy
IS3,I SYNERGY GROUP LIMITED,Software & Services
IF1,"IBERDROLA FINANZAS, S.A.U.",Not Applic
ICI,ICANDY INTERACTIVE LIMITED,Media & Entertainment
ICL,ICENI GOLD LIMITED,Materials
ICE,ICETANA LIMITED,Software & Services
ICN,ICON ENERGY LIMITED,Energy
ID8,IDENTITII LIMITED,Software & Services
IEL,IDP EDUCATION LIMITED,Consumer Services
IDT,IDT AUSTRALIA LIMITED,"Pharmaceuticals, Biotechnology & Life Sciences"
IGN,IGNITE LIMITED,Commercial & Professional Services
IGO,IGO LIMITED,Materials
IKE,IKEGPS GROUP LIMITED,Technology Hardware & Equipment
ILT,ILTANI RESOURCES LIMITED.,Materials
ILU,ILUKA RESOURCES LIMITED,Materials
IMA,IMAGE RESOURCES NL,Materials
IBX,IMAGION BIOSYSTEMS LIMITED,Health Care Equipment & Services
IMD,IMDEX LIMITED,Materials
IME,IMEXHS LIMITED,Health Care Equipment & Services
IMC,IMMURON LIMITED,"Pharmaceuticals, Biotechnology & Life Sciences"
IMM,IMMUTEP LIMITED,"Pharmaceuticals, Biotechnology & Life Sciences"
IPT,IMPACT MINERALS LIMITED,Materials
IPD,IMPEDIMED LIMITED,Health Care Equipment & Services
IPC,IMPERIAL PACIFIC LIMITED,Financial Services
IMR,IMRICOR MEDICAL SYSTEMS INC.,Health Care Equipment & Services
IMU,IMUGENE LIMITED,"Pharmaceuticals, Biotechnology & Life Sciences"
IAM,INCOME ASSET MANAGEMENT GROUP LIMITED.,Financial Services
IDA,INDIANA RESOURCES LIMITED,Materials
IBK,INDUSTRIAL BANK OF KOREA.,Not Applic
IND,INDUSTRIAL MINERALS LTD,Materials
I88,INFINI RESOURCES LIMITED,Materials
INF,INFINITY METALS LIMITED,Materials
IMI,INFINITY MINING LIMITED,Materials
IFG,INFOCUS GROUP HOLDINGS LIMITED,Software & Services
ITS,INFOTRUST LTD,Software & Services
IFN,INFRAGREEN GROUP LIMITED,Commercial & Professional Services
IFT,INFRATIL LIMITED.,Capital Goods
INA,INGENIA COMMUNITIES GROUP,Equity Real Estate Investment Trusts (REITs)
ING,INGHAMS GROUP LIMITED,"Food, Beverage & Tobacco"
IRX,INHALERX LIMITED,Health Care Equipment & Services
IIQ,INOVIQ LTD,Health Care Equipment & Services
IFL,INSIGNIA FINANCIAL LTD,Financial Services
IAG,INSURANCE AUSTRALIA GROUP LIMITED,Insurance
IDX,INTEGRAL DIAGNOSTICS LIMITED,Health Care Equipment & Services
IRI,INTEGRATED RESEARCH LIMITED,Software & Services
ICR,INTELICARE HOLDINGS LIMITED,Health Care Equipment & Services
IMB,INTELLIGENT MONITORING GROUP LIMITED,Commercial & Professional Services
IEQ,INTERNATIONAL EQUITIES CORPORATION LIMITED.,Real Estate Management & Development
IFX,INTERNATIONAL FINANCE CORPORATION,Not Applic
IG6,INTERNATIONAL GRAPHITE LIMITED,Capital Goods
IVG,INVERT GRAPHITE LIMITED,"Pharmaceuticals, Biotechnology & Life Sciences"
IVR,INVESTIGATOR SILVER LIMITED,Materials
ICU,INVESTOR CENTRE LIMITED,Financial Services
INV,INVESTSMART GROUP LIMITED,Financial Services
IXC,INVEX THERAPEUTICS LTD,"Pharmaceuticals, Biotechnology & Life Sciences"
IVZ,INVICTUS ENERGY LTD,Energy
IVX,INVION LIMITED,"Pharmaceuticals, Biotechnology & Life Sciences"
IOD,IODM LIMITED,Software & Services
IOV,ION VIDEO LTD,Software & Services
ION,IONDRIVE LIMITED,Materials
INR,IONEER LTD,Materials
IXR,IONIC RARE EARTHS LIMITED,Materials
IPB,IPB PETROLEUM LIMITED,Energy
IPG,IPD GROUP LTD,Capital Goods
IPX,IPERIONX LIMITED,Materials
IPH,IPH LIMITED,Commercial & Professional Services
IRE,IRESS LIMITED,Software & Services
IR1,IRIS METALS LIMITED,Materials
IRD,IRON ROAD LIMITED,Materials
IBC,IRONBARK BALANCED INCOME LIMITED,Not Applic
ILA,ISLAND PHARMACEUTICALS LIMITED,"Pharmaceuticals, Biotechnology & Life Sciences"
ITM,ITECH MINERALS LTD,Materials
IGL,IVE GROUP LIMITED,Media & Entertainment
JGH,JADE GAS HOLDINGS LIMITED,Materials
JHX,JAMES HARDIE INDUSTRIES PLC,Materials
JAL,JAMESON RESOURCES LIMITED,Materials
JAN,JANISON EDUCATION GROUP LIMITED,Software & Services
JNS,JANUS ELECTRIC HOLDINGS LIMITED,Utilities
JAT,JATCORP LIMITED,Consumer Discretionary Distribution & Retail
JAV,JAVELIN MINERALS LIMITED,Materials
JAY,JAYRIDE GROUP LIMITED,Transportation
JBH,JB HI-FI LIMITED,Consumer Discretionary Distribution & Retail
JCS,JCURVE SOLUTIONS LTD,Software & Services
JLL,JINDALEE LITHIUM LIMITED,Materials
JYC,JOYCE CORPORATION LTD,Consumer Discretionary Distribution & Retail
JDO,JUDO CAPITAL HOLDINGS LIMITED,Banks
JIN,JUMBO INTERACTIVE LIMITED,Consumer Services
JNO,JUNO MINERALS LIMITED,Materials
JPR,JUPITER ENERGY LIMITED,Energy
JMS,JUPITER MINES LIMITED.,Materials
KSC,K & S CORPORATION LIMITED,Transportation
KAM,K2 ASSET MANAGEMENT HOLDINGS LTD,Financial Services
KLR,KAILI RESOURCES LIMITED,Energy
KAI,KAIROS MINERALS LIMITED,Materials
KAU,KAISER REEF LIMITED,Materials
KZR,KALAMAZOO RESOURCES LIMITED,Materials
KAL,KALGOORLIE GOLD MINING LIMITED,Materials
KM1,KALI METALS LIMITED,Materials
KPO,KALINA POWER LIMITED,Utilities
KAR,KAROON ENERGY LTD,Energy
KAT,KATANA CAPITAL LIMITED,Not Applic
KPG,KELLY PARTNERS GROUP HOLDINGS LIMITED,Commercial & Professional Services
KLS,KELSIAN GROUP LIMITED,Transportation
KEY,KEY PETROLEUM LIMITED,Energy
KBC,KEYBRIDGE CAPITAL LIMITED,Financial Services
KFW,KFW,Not Applic
KGL,KGL RESOURCES LIMITED,Materials
KLI,KILLI RESOURCES LIMITED,Materials
KSL,KINA SECURITIES LIMITED,Banks
KYP,KINATICO LTD,Software & Services
KCC,KINCORA COPPER LIMITED,Materials
KKO,KINETIKO ENERGY LTD,Energy
KRR,KING RIVER RESOURCES LIMITED,Materials
KFM,KINGFISHER MINING LTD,Materials
KIG,KINGFISHER TRUST 2016-1,Not Applic
KI1,KINGFISHER TRUST 2019-1,Not Applic
KCN,KINGSGATE CONSOLIDATED LIMITED.,Materials
KNG,KINGSLAND MINERALS LTD,Materials
KRM,KINGSROSE MINING LIMITED,Materials
KSN,KINGSTON RESOURCES LIMITED,Materials
KME,KIP MCGRATH EDUCATION CENTRES LIMITED,Consumer Services
KKC,KKR CREDIT INCOME FUND,Not Applic
KLV,KLEVO REWARDS LIMITED,Commercial & Professional Services
KMD,KMD BRANDS LIMITED,Consumer Discretionary Distribution & Retail
KNM,KNEOMEDIA LIMITED,Media & Entertainment
KNO,KNOSYS LIMITED,Software & Services
KOB,KOBA RESOURCES LIMITED,Materials
KGN,KOGAN.COM LTD,Consumer Discretionary Distribution & Retail
KNB,KOONENBERRY GOLD LIMITED,Materials
KOR,KORAB RESOURCES LIMITED,Materials
KP2,KORE POTASH PLC,Materials
KOV,KORVEST LTD,Capital Goods
KTA,KRAKATOA RESOURCES LIMITED,Materials
KGD,KULA GOLD LIMITED,Materials
KNI,KUNIKO LIMITED,Materials
GLS,L1 GLOBAL LONG SHORT FUND LIMITED,Not Applic
L1G,L1 GROUP LIMITED,Financial Services
LSF,L1 LONG SHORT FUND LIMITED,Not Applic
LT8,LA TROBE FINANCIAL CAPITAL MARKETS TRUST 2022-1,Not Applic
LT9,LA TROBE FINANCIAL CAPITAL MARKETS TRUST 2022-2,Not Applic
LR1,LA TROBE FINANCIAL CAPITAL MARKETS TRUST 2023-1,Not Applic
LR4,LA TROBE FINANCIAL CAPITAL MARKETS TRUST 2023-2,Not Applic
LR3,LA TROBE FINANCIAL CAPITAL MARKETS TRUST 2024-1,Not Applic
LR5,LA TROBE FINANCIAL CAPITAL MARKETS TRUST 2024-2,Not Applic
LR6,LA TROBE FINANCIAL CAPITAL MARKETS TRUST 2024-3,Not Applic
LF1,LA TROBE PRIVATE CREDIT FUND,Not Applic
LSA,LACHLAN STAR LIMITED,Materials
LKE,LAKE RESOURCES N.L.,Materials
LKO,LAKES BLUE ENERGY NL,Energy
LAM,LARAMIDE RESOURCES LTD,Energy
LRK,LARK DISTILLING CO. LTD,"Food, Beverage & Tobacco"
LRV,LARVOTTO RESOURCES LIMITED,Materials
LBL,LASERBOND LIMITED,Capital Goods
LAT,LATITUDE 66 LIMITED,Materials
LCN,LATITUDE AUSTRALIA CREDIT CARD LOAN NOTE TRUST,Not Applic
LFS,LATITUDE GROUP HOLDINGS LIMITED,Financial Services
LMG,LATROBE MAGNESIUM LIMITED,Materials
LCL,LCL RESOURCES LIMITED,Materials
LM1,LEEUWIN METALS LTD,Materials
LEX,LEFROY EXPLORATION LIMITED,Materials
LCY,LEGACY IRON ORE LIMITED,Materials
LGM,LEGACY MINERALS HOLDINGS LIMITED,Materials
LEG,LEGEND MINING LIMITED,Materials
LLC,LENDLEASE GROUP,Real Estate Management & Development
LGI,LGI LIMITED,Utilities
LIS,LI-S ENERGY LIMITED,Capital Goods
LFG,LIBERTY FINANCIAL GROUP,Financial Services
LIB,LIBERTY METALS LTD,Materials
LP1,LIBERTY PRIME SERIES 2021-1,Not Applic
LI9,LIBERTY SERIES 2020-3,Not Applic
360,LIFE360 INC.,Software & Services
LIC,LIFESTYLE COMMUNITIES LIMITED,Real Estate Management & Development
LNW,LIGHT & WONDER INC.,Consumer Services
L1M,LIGHTNING MINERALS LTD,Materials
LML,LINCOLN MINERALS LIMITED,Materials
LIN,LINDIAN RESOURCES LIMITED,Materials
LAU,LINDSAY AUSTRALIA LIMITED,Transportation
LNQ,LINQ MINERALS LIMITED,Materials
LIO,LION ENERGY LIMITED,Energy
LRM,LION ROCK MINERALS LTD,Materials
LSX,LION SELECTION GROUP LIMITED.,Not Applic
LI8,LION SERIES 2020-1 TRUST,Not Applic
LN1,LION SERIES 2022-1 TRUST,Not Applic
LN2,LION SERIES 2023-1 TRUST,Not Applic
LN3,LION SERIES 2024-1 TRUST,Not Applic
LTR,LIONTOWN LIMITED,Materials
LMS,LITCHFIELD MINERALS LIMITED,Materials
LEL,LITHIUM ENERGY LIMITED,Materials
LPM,LITHIUM PLUS MINERALS LTD.,Materials
LU7,LITHIUM UNIVERSE LIMITED,Materials
LGP,LITTLE GREEN PHARMA LTD,"Pharmaceuticals, Biotechnology & Life Sciences"
LIT,LIVIUM LTD,Materials
LO1,LLOYDS BANKING GROUP PLC,Not Applic
LPE,LOCALITY PLANNING ENERGY HOLDINGS LIMITED,Utilities
LKY,LOCKSLEY RESOURCES LIMITED,Materials
LDR,LODE RESOURCES LTD,Materials
LSR,LODESTAR MINERALS LIMITED,Materials
LCE,LONDON CITY EQUITIES LIMITED,Financial Services
LRD,LORD RESOURCES LIMITED,Materials
LOT,LOTUS RESOURCES LIMITED,Materials
LVE,LOVE GROUP GLOBAL LTD,Software & Services
LOV,LOVISA HOLDINGS LIMITED,Consumer Discretionary Distribution & Retail
LRT,LOWELL RESOURCES FUND,Not Applic
LLM,LOYAL METALS LTD,Materials
LTP,LTR PHARMA LIMITED,"Pharmaceuticals, Biotechnology & Life Sciences"
LDX,LUMOS DIAGNOSTICS HOLDINGS LIMITED,Health Care Equipment & Services
LM8,LUNNON METALS LIMITED,Materials
LYL,LYCOPODIUM LIMITED,Capital Goods
LYC,LYNAS RARE EARTHS LIMITED,Materials
M3M,M3 MINING LIMITED,Materials
MA1,MA CREDIT INCOME TRUST,Not Applic
MA2,MA CREDIT PORTFOLIO HOLDINGS LIMITED,Not Applic
MAF,MA FINANCIAL GROUP LIMITED,Financial Services
MGH,MAAS GROUP HOLDINGS LIMITED,Capital Goods
MNE,MACALLUM NEW ENERGY LIMITED,Class Pend
MIO,MACARTHUR MINERALS LIMITED,Materials
M7T,MACH7 TECHNOLOGIES LIMITED,Health Care Equipment & Services
MAH,MACMAHON HOLDINGS LIMITED,Materials
MBL,MACQUARIE BANK LIMITED,Not Applic
MQG,MACQUARIE GROUP LIMITED,Financial Services
MAQ,MACQUARIE TECHNOLOGY GROUP LIMITED,Software & Services
M4M,MACRO METALS LIMITED,Materials
MAD,MADER GROUP LIMITED,Commercial & Professional Services
MFG,MAGELLAN FINANCIAL GROUP LIMITED,Financial Services
MBH,MAGGIE BEER HOLDINGS LTD,"Food, Beverage & Tobacco"
MAG,MAGMATIC RESOURCES LIMITED,Materials
MAU,MAGNETIC RESOURCES NL,Materials
MGT,MAGNETITE MINES LIMITED.,Materials
MGU,MAGNUM MINING AND EXPLORATION LIMITED,Materials
MGL,MAGONTEC LIMITED,Materials
M24,MAMBA EXPLORATION LIMITED,Materials
M79,MAMMOTH MINERALS LIMITED,Materials
MAN,MANDRAKE RESOURCES LIMITED,Materials
MHC,MANHATTAN CORPORATION LIMITED,Energy
MTL,MANTLE MINERALS LIMITED,Materials
MKR,MANUKA RESOURCES LTD.,Materials
MPK,MANY PEAKS MINERALS LTD,Materials
MC2,MARIMACA COPPER CORP.,Materials
MEU,MARMOTA LIMITED,Energy
MMA,MARONAN METALS LIMITED,Materials
MQR,MARQUEE RESOURCES LIMITED,Materials
MVL,MARVEL GOLD LIMITED,Materials
MYE,MASTERMYNE GROUP LIMITED,Materials
MCE,MATRIX COMPOSITES & ENGINEERING LIMITED,Energy
MAT,MATSA RESOURCES LIMITED,Materials
MXI,MAXIPARTS LIMITED,Capital Goods
MFD,MAYFIELD CHILDCARE LIMITED,Consumer Services
MYG,MAYFIELD GROUP HOLDINGS LIMITED,Capital Goods
MYX,MAYNE PHARMA GROUP LIMITED,"Pharmaceuticals, Biotechnology & Life Sciences"
MCM,MC MINING LIMITED,Energy
MML,MCLAREN MINERALS LIMITED,Materials
MMS,MCMILLAN SHAKESPEARE LIMITED,Commercial & Professional Services
MCP,MCPHERSON'S LIMITED,Household & Personal Products
MSG,MCS SERVICES LIMITED,Commercial & Professional Services
MMR,MEC RESOURCES LIMITED,Energy
MM8,MEDALLION METALS LIMITED.,Materials
MZF,MEDALLION TRUST SERIES 2016-1,Not Applic
MZT,MEDALLION TRUST SERIES 2016-2,Not Applic
MZ1,MEDALLION TRUST SERIES 2017-1,Not Applic
MZ2,MEDALLION TRUST SERIES 2017-2,Not Applic
MPL,MEDIBANK PRIVATE LIMITED,Insurance
MVP,MEDICAL DEVELOPMENTS INTERNATIONAL LIMITED,"Pharmaceuticals, Biotechnology & Life Sciences"
MEK,MEEKA METALS LIMITED,Materials
MEG,MEGADO MINERALS LTD,Materials
MP1,MEGAPORT LIMITED,Software & Services
MAY,MELBANA ENERGY LIMITED,Energy
MEM,MEMPHASYS LIMITED.,"Pharmaceuticals, Biotechnology & Life Sciences"
MCY,MERCURY NZ LIMITED,Utilities
MEZ,MERIDIAN ENERGY LIMITED,Utilities
MNC,MERINO & CO. LIMITED,Consumer Durables & Apparel
MSB,MESOBLAST LIMITED,"Pharmaceuticals, Biotechnology & Life Sciences"
MBK,METAL BANK LIMITED,Materials
MHK,METAL HAWK LIMITED.,Materials
MPW,METAL POWDER WORKS LIMITED,Capital Goods
MTM,METALLIUM LIMITED,Materials
MLS,METALS AUSTRALIA LTD,Materials
MLX,METALS X LIMITED,Materials
MGA,METALSGROVE MINING LTD,Materials
MTC,METALSTECH LIMITED,Materials
MTS,METCASH LIMITED,Consumer Staples Distribution & Retail
MEI,METEORIC RESOURCES NL,Materials
MEL,METGASCO LTD,Energy
MOT,METRICS INCOME OPPORTUNITIES TRUST,Not Applic
MXT,METRICS MASTER INCOME TRUST,Not Applic
MRE,METRICS REAL ESTATE MULTI-STRATEGY FUND,Not Applic
MF3,METRO FINANCE 2023-1 TRUST,Not Applic
MF5,METRO FINANCE 2023-2 TRUST,Not Applic
MF4,METRO FINANCE 2024-1 TRUST,Not Applic
MF6,METRO FINANCE 2025-1 TRUST,Not Applic
MMI,METRO MINING LIMITED,Materials
MPP,METRO PERFORMANCE GLASS LIMITED,Capital Goods
MFF,MFF CAPITAL INVESTMENTS LIMITED,Not Applic
MGX,MGX RESOURCES LIMITED,Materials
MHJ,MICHAEL HILL INTERNATIONAL LIMITED,Consumer Discretionary Distribution & Retail
MX1,MICRO-X LIMITED,Health Care Equipment & Services
MAP,MICROBA LIFE SCIENCES LIMITED,Health Care Equipment & Services
MAM,MICROEQUITIES ASSET MANAGEMENT GROUP LIMITED,Financial Services
MM1,MIDAS MINERALS LTD,Materials
MDI,MIDDLE ISLAND RESOURCES LIMITED,Materials
MNB,MINBOS RESOURCES LIMITED,Materials
MDX,MINDAX LIMITED,Materials
MRC,MINERAL COMMODITIES LTD,Materials
MIN,MINERAL RESOURCES LIMITED,Materials
MI6,MINERALS 260 LIMITED,Materials
MEX,MINERALS EXPLORATION LIMITED,Materials
MRR,MINREX RESOURCES LIMITED,Materials
M2R,MIRAMAR RESOURCES LIMITED,Materials
MIR,MIRRABOOKA INVESTMENTS LIMITED,Not Applic
MGR,MIRVAC GROUP,Equity Real Estate Investment Trusts (REITs)
MSV,MITCHELL SERVICES LIMITED,Materials
MTH,MITHRIL SILVER AND GOLD LIMITED,Materials
MLG,MLG OZ LIMITED,Materials
MM2,MME AUTOPAY ABS 2024-1 TRUST,Not Applic
MM4,MME PL 2025-1 TRUST,Not Applic
MOM,MOAB MINERALS LIMITED,Materials
MOH,MOHO RESOURCES LIMITED,Materials
MND,MONADELPHOUS GROUP LIMITED,Capital Goods
MVF,MONASH IVF GROUP LIMITED,Health Care Equipment & Services
MME,MONEYME LIMITED,Financial Services
MRZ,MONT ROYAL RESOURCES LIMITED,Materials
ML8,MOONLIGHT RESOURCES LTD,Materials
1MC,MORELLA CORPORATION LIMITED,Materials
MEC,MORPHIC ETHICAL EQUITIES FUND LIMITED,Financial Services
MXO,MOTIO LTD,Media & Entertainment
MTO,MOTORCYCLE HOLDINGS LIMITED,Consumer Discretionary Distribution & Retail
MTB,MOUNT BURGESS MINING NL,Materials
MHM,MOUNT HOPE MINING LIMITED,Materials
MRD,MOUNT RIDLEY MINES LIMITED,Materials
MOV,MOVE LOGISTICS GROUP LIMITED,Transportation
MPR,MPR AUSTRALIA LIMITED,Financial Services
MRQ,MRG METALS LIMITED,Materials
M2M,MT MALCOLM MINES NL,Materials
MSI,MULTISTACK INTERNATIONAL LIMITED,Capital Goods
MCA,MURRAY COD AUSTRALIA LIMITED,"Food, Beverage & Tobacco"
MPX,MUSTERA PROPERTY GROUP LIMITED,Real Estate Management & Development
MCO,MYECO GROUP LTD,Materials
MYR,MYER HOLDINGS LIMITED,Consumer Discretionary Distribution & Retail
MYS,MYSTATE LIMITED,Banks
N1H,N1 HOLDINGS LIMITED,Financial Services
NAG,NAGAMBIE RESOURCES LIMITED,Materials
NC6,NANOLLOSE LIMITED,"Pharmaceuticals, Biotechnology & Life Sciences"
NAN,NANOSONICS LIMITED,Health Care Equipment & Services
NVU,NANOVEU LIMITED,Technology Hardware & Equipment
NCC,NAOS EMERGING OPPORTUNITIES COMPANY LIMITED,Not Applic
NAC,NAOS EX-50 OPPORTUNITIES COMPANY LIMITED,Not Applic
NSC,NAOS SMALL CAP OPPORTUNITIES COMPANY LIMITED,Not Applic
NYM,NARRYER METALS LIMITED,Materials
NAB,NATIONAL AUSTRALIA BANK LIMITED,Banks
NRO,NATIONAL RMBS TRUST 2018-1 IN RESPECT OF SERIES 2018-1,Not Applic
NRP,NATIONAL RMBS TRUST 2022-1 IN RESPECT OF SERIES 2022-1,Not Applic
RM1,NATIONAL RMBS TRUST 2024-1,Not Applic
NSR,NATIONAL STORAGE REIT,Equity Real Estate Investment Trusts (REITs)
NBS,NATIONWIDE BUILDING SOCIETY.,Not Applic
NMR,NATIVE MINERAL RESOURCES HOLDINGS LIMITED,Materials
NGI,NAVIGATOR GLOBAL INVESTMENTS LIMITED,Financial Services
NES,NELSON RESOURCES LIMITED.,Materials
NMT,NEOMETALS LTD,Materials
NWL,NETWEALTH GROUP LIMITED,Financial Services
NEU,NEUREN PHARMACEUTICALS LIMITED,"Pharmaceuticals, Biotechnology & Life Sciences"
NRZ,NEURIZER LTD,Materials
NUZ,NEURIZON THERAPEUTICS LIMITED,"Pharmaceuticals, Biotechnology & Life Sciences"
NSB,NEUROSCIENTIFIC BIOPHARMACEUTICALS LTD,"Pharmaceuticals, Biotechnology & Life Sciences"
NTI,NEUROTECH INTERNATIONAL LIMITED,Health Care Equipment & Services
NAE,NEW AGE EXPLORATION LIMITED,Energy
NFM,NEW FRONTIER MINERALS LIMITED,Materials
NHC,NEW HOPE CORPORATION LIMITED,Energy
NMG,NEW MURCHISON GOLD LIMITED,Materials
XNC,NEW SOUTH WALES TREASURY CORPORATION,Not Applic
NZK,NEW ZEALAND KING SALMON INVESTMENTS LIMITED,"Food, Beverage & Tobacco"
NWF,NEWFIELD RESOURCES LIMITED,Materials
NEM,NEWMONT CORPORATION,Materials
NPM,NEWPEAK METALS LIMITED,Materials
NWS,NEWS CORPORATION..,Media & Entertainment
NME,NEX METALS EXPLORATION LIMITED,Materials
NXG,NEXGEN ENERGY (CANADA) LTD,Energy
NNG,NEXION GROUP LTD,Software & Services
NXN,NEXSEN LIMITED,"Pharmaceuticals, Biotechnology & Life Sciences"
NXS,NEXT SCIENCE LIMITED,Health Care Equipment & Services
NXT,NEXTDC LIMITED,Software & Services
NXD,NEXTED GROUP LIMITED,Consumer Services
NXM,NEXUS MINERALS LIMITED,Materials
NGE,NGE CAPITAL LIMITED,Not Applic
NGX,NGX LIMITED,Materials
NH3,NH3 CLEAN ENERGY LIMITED,Materials
NHF,NIB HOLDINGS LIMITED,Insurance
NCK,NICK SCALI LIMITED,Consumer Discretionary Distribution & Retail
NIC,NICKEL INDUSTRIES LIMITED,Materials
NC1,NICO RESOURCES LIMITED,Materials
NDO,NIDO EDUCATION LIMITED,Consumer Services
NIM,NIMY RESOURCES LIMITED,Materials
NEC,NINE ENTERTAINMENT CO. HOLDINGS LIMITED,Media & Entertainment
NHE,NOBLE HELIUM LIMITED,Energy
NOL,NOBLEOAK LIFE LIMITED,Insurance
NNL,NORDIC RESOURCES LTD,Materials
NFL,NORFOLK METALS LIMITED,Materials
NRX,NORONEX LIMITED,Materials
NSM,NORTH STAWELL MINERALS LTD,Materials
NTU,NORTHERN MINERALS LIMITED,Materials
NST,NORTHERN STAR RESOURCES LTD,Materials
NWM,NORWEST MINERALS LIMITED,Materials
NOR,NORWOOD SYSTEMS LIMITED,Software & Services
NOU,NOUMI LIMITED,"Food, Beverage & Tobacco"
EYE,NOVA EYE MEDICAL LIMITED,Health Care Equipment & Services
NVA,NOVA MINERALS LIMITED,Materials
NOV,NOVATTI GROUP LIMITED,Software & Services
NVQ,NOVIQTECH LIMITED,Software & Services
NVO,NOVO RESOURCES CORP.,Materials
NVX,NOVONIX LIMITED,Technology Hardware & Equipment
NW1,NOW TRUST 2024-1,Not Applic
NOX,NOXOPHARM LIMITED,"Pharmaceuticals, Biotechnology & Life Sciences"
NWH,NRW HOLDINGS LIMITED,Capital Goods
NTM,NT MINERALS LIMITED,Materials
NTD,NTAW HOLDINGS LIMITED,Consumer Discretionary Distribution & Retail
NUC,NUCHEV LIMITED,"Food, Beverage & Tobacco"
NGY,NUENERGY GAS LIMITED,Energy
NFN,NUFARM FINANCE (NZ) LIMITED,Not Applic
NUF,NUFARM LIMITED,Materials
NXL,NUIX LIMITED,Software & Services
NGS,NUTRITIONAL GROWTH SOLUTIONS LTD,Household & Personal Products
NYR,NYRADA INC.,"Pharmaceuticals, Biotechnology & Life Sciences"
NZM,NZME LIMITED,Media & Entertainment
OKJ,OAKAJEE CORPORATION LIMITED,Materials
OAK,OAKRIDGE INTERNATIONAL LIMITED,Software & Services
OCL,OBJECTIVE CORPORATION LIMITED,Software & Services
OCN,OCEANA METALS LIMITED,Materials
OCA,OCEANIA HEALTHCARE LIMITED,Health Care Equipment & Services
OCT,OCTAVA MINERALS LIMITED,Materials
OD6,OD6 METALS LIMITED,Materials
ODE,ODESSA MINERALS LIMITED,Materials
ODY,ODYSSEY GOLD LTD,Materials
OFX,OFX GROUP LIMITED,Financial Services
OLH,OLDFIELDS HOLDINGS LIMITED,Capital Goods
OLI,OLIVER'S REAL FOOD LIMITED,Consumer Services
OLY,OLYMPIO METALS LIMITED,Materials
OYS,OLYMPUS 2024-2 TRUST,Not Applic
OY1,OLYMPUS 2025-1 TRUST,Not Applic
OMH,OM HOLDINGS LIMITED,Materials
OMA,OMEGA OIL & GAS LIMITED,Energy
OMG,OMG GROUP LIMITED,"Food, Beverage & Tobacco"
OBL,OMNI BRIDGEWAY LIMITED,Financial Services
OM1,OMNIA METALS GROUP LTD,Materials
OSL,ONCOSIL MEDICAL LTD,"Pharmaceuticals, Biotechnology & Life Sciences"
1CG,ONE CLICK GROUP LIMITED,Capital Goods
ONE,ONEVIEW HEALTHCARE PLC,Health Care Equipment & Services
OML,OOH!MEDIA LIMITED,Media & Entertainment
OLL,OPENLEARNING LIMITED,Software & Services
OPN,OPENN NEGOTIATION LIMITED,Commercial & Professional Services
OPH,OPHIR HIGH CONVICTION FUND,Not Applic
OPT,OPTHEA LIMITED,"Pharmaceuticals, Biotechnology & Life Sciences"
OIL,OPTISCAN IMAGING LIMITED,Health Care Equipment & Services
OBM,ORA BANDA MINING LTD,Materials
OMX,ORANGE MINERALS NL,Materials
OEC,ORBITAL CORPORATION LIMITED,Capital Goods
OB1,ORBMINCO LIMITED,Materials
ODA,ORCODA LIMITED,Software & Services
OR2,ORDE SERIES 2025-1 TRUST,Not Applic
ORD,ORDELL MINERALS LIMITED,Materials
ZOR,ORDINARY (UNLISTED/LISTED - COSACS),Not Applic
OR3,ORE RESOURCES LIMITED,Materials
ORE,OREZONE GOLD CORPORATION,Materials
ORI,ORICA LIMITED,Materials
ORG,ORIGIN ENERGY LIMITED,Utilities
OEQ,ORION EQUITIES LIMITED,Financial Services
ORN,ORION MINERALS LTD,Materials
ORA,ORORA LIMITED,Materials
ORP,ORPHEUS URANIUM LIMITED,Materials
OCC,ORTHOCELL LIMITED,"Pharmaceuticals, Biotechnology & Life Sciences"
OSM,OSMOND RESOURCES LIMITED,Materials
OSX,OSTEOPORE LIMITED,Health Care Equipment & Services
OEL,OTTO ENERGY LIMITED,Energy
OVT,OVANTI LIMITED,Media & Entertainment
OZM,OZAURUM RESOURCES LIMITED,Materials
OZZ,OZZ RESOURCES LIMITED,Materials
PGO,PACGOLD LIMITED,Materials
PAC,PACIFIC CURRENT GROUP LIMITED,Financial Services
PEB,PACIFIC EDGE LIMITED,"Pharmaceuticals, Biotechnology & Life Sciences"
PLA,PACIFIC LIME AND CEMENT LIMITED,Materials
PNM,PACIFIC NICKEL MINES LIMITED,Materials
PXR,PACIFIC RESOURCES LIMITED,Energy
PCK,PAINCHEK LTD,Health Care Equipment & Services
PDN,PALADIN ENERGY LTD,Energy
PCL,PANCONTINENTAL ENERGY NL,Energy
PA1,PANORAMA AUTO TRUST 2023-1,Not Applic
PA3,PANORAMA AUTO TRUST 2023-3,Not Applic
PA2,PANORAMA AUTO TRUST 2024-1,Not Applic
PA4,PANORAMA AUTO TRUST 2024-3,Not Applic
PA5,PANORAMA AUTO TRUST 2025-1,Not Applic
PFE,PANTERA MINERALS LIMITED,Materials
PNT,PANTHER METALS LTD,Materials
PNR,PANTORO GOLD LIMITED,Materials
PPY,PAPYRUS AUSTRALIA LIMITED,Materials
PBL,PARABELLUM RESOURCES LIMITED,Materials
PAR,PARADIGM BIOPHARMACEUTICALS LIMITED..,"Pharmaceuticals, Biotechnology & Life Sciences"
PGC,PARAGON CARE LIMITED,Health Care Equipment & Services
PKD,PARKD LTD,Commercial & Professional Services
PWN,PARKWAY CORPORATE LIMITED,Materials
PL3,PATAGONIA LITHIUM LTD,Materials
PSL,PATERSON RESOURCES LTD,Materials
PKY,PATHKEY.AI LTD,Software & Services
PAT,PATRIOT RESOURCES LIMITED,Materials
PTN,PATRONUS RESOURCES LIMITED,Materials
PAB,PATRYS LIMITED,"Pharmaceuticals, Biotechnology & Life Sciences"
PC2,PC GOLD LTD,Materials
PKP,PEAK PROCESSING LIMITED,"Pharmaceuticals, Biotechnology & Life Sciences"
PKO,PEAKO LIMITED,Materials
PLG,PEARL GULL IRON LIMITED,Materials
PEX,PEEL MINING LIMITED,Materials
PPC,PEET LIMITED,Real Estate Management & Development
PCG,PENGANA CAPITAL GROUP LIMITED,Financial Services
PCX,PENGANA GLOBAL PRIVATE CREDIT TRUST,Not Applic
PIA,PENGANA INTERNATIONAL EQUITIES LIMITED,Not Applic
PE1,PENGANA PRIVATE EQUITY TRUST,Not Applic
PEN,PENINSULA ENERGY LIMITED,Energy
5GG,PENTANET LIMITED,Telecommunication Services
PPE,PEOPLEIN LIMITED,Commercial & Professional Services
PPM,PEPPER MONEY LIMITED,Financial Services
PEP,PEPPER RESIDENTIAL SECURITIES TRUST NO. 39,Not Applic
PR4,PEPPER RESIDENTIAL SECURITIES TRUST NO. 40,Not Applic
PU6,PEPPER SPARKZ TRUST NO.6,Not Applic
PU8,PEPPER SPARKZ TRUST NO.8,Not Applic
PU9,PEPPER SPARKZ TRUST NO.9,Not Applic
PIL,PEPPERMINT INNOVATION LIMITED,Software & Services
PER,PERCHERON THERAPEUTICS LIMITED,"Pharmaceuticals, Biotechnology & Life Sciences"
PGD,PEREGRINE GOLD LTD,Materials
PRN,PERENTI LIMITED,Materials
PCI,PERPETUAL CREDIT INCOME TRUST,Not Applic
PIC,PERPETUAL EQUITY INVESTMENT COMPANY LIMITED,Not Applic
PPT,PERPETUAL LIMITED,Financial Services
PEC,PERPETUAL RESOURCES LIMITED,Materials
PRU,PERSEUS MINING LIMITED,Materials
PWR,PETER WARREN AUTOMOTIVE HOLDINGS LIMITED,Consumer Discretionary Distribution & Retail
PXA,PEXA GROUP LIMITED,Real Estate Management & Development
PHX,PHARMX TECHNOLOGIES LIMITED,Software & Services
PHO,PHOSCO LTD,Materials
PET,PHOSLOCK ENVIRONMENTAL TECHNOLOGIES LIMITED,Commercial & Professional Services
PR2,PICHE RESOURCES LIMITED,Not Applic
PGY,PILOT ENERGY LIMITED,Energy
PNI,PINNACLE INVESTMENT MANAGEMENT GROUP LIMITED,Financial Services
PIM,PINNACLE MINERALS LIMITED,Materials
PNC,PIONEER CREDIT LIMITED,Financial Services
PMM,PIONEER MINERALS LIMITED,Materials
PVT,PIVOTAL METALS LIMITED,Materials
PFM,PLATFORMO LTD,Software & Services
PGM,PLATINA RESOURCES LIMITED,Materials
PL8,PLATO INCOME MAXIMISER LIMITED.,Not Applic
PLY,PLAYSIDE STUDIOS LIMITED,Media & Entertainment
PLT,PLENTI GROUP LIMITED,Financial Services
PLS,PLS GROUP LIMITED,Materials
PGF,PM CAPITAL GLOBAL OPPORTUNITIES FUND LIMITED,Not Applic
PMT,PMET RESOURCES INC.,Materials
PVE,PO VALLEY ENERGY LIMITED,Energy
POD,PODIUM MINERALS LIMITED,Materials
3DP,POINTERRA LIMITED,Software & Services
PBH,POINTSBET HOLDINGS LIMITED,Consumer Services
PXX,POLARX LIMITED,Materials
POL,POLYMETALS RESOURCES LTD,Materials
PNV,POLYNOVO LIMITED,Health Care Equipment & Services
PNN,POWER MINERALS LIMITED,Materials
PVL,POWERHOUSE VENTURES LIMITED,Financial Services
PPK,PPK GROUP LIMITED,Materials
PPS,PRAEMIUM LIMITED,Software & Services
PL9,PRAIRIE LITHIUM LIMITED,Materials
PDI,PREDICTIVE DISCOVERY LIMITED,Materials
PMV,PREMIER INVESTMENTS LIMITED,Consumer Discretionary Distribution & Retail
PLC,PREMIER1 LITHIUM LIMITED,Materials
PTX,PRESCIENT THERAPEUTICS LIMITED,"Pharmaceuticals, Biotechnology & Life Sciences"
PTL,PRESTAL HOLDINGS LIMITED,Household & Personal Products
PFG,PRIME FINANCIAL GROUP LIMITED,Financial Services
PRG,PRL GLOBAL LTD,Materials
PME,PRO MEDICUS LIMITED,Health Care Equipment & Services
PPG,PRO-PAC PACKAGING LIMITED,Materials
PRX,PRODIGY GOLD NL,Materials
POT,PROGRESS 2017-2 TRUST,Not Applic
POB,PROGRESS 2021-1 TRUST,Not Applic
POC,PROGRESS 2022-1 TRUST,Not Applic
POF,PROGRESS 2022-2 TRUST,Not Applic
POE,PROGRESS 2023-1 TRUST,Not Applic
POH,PROGRESS 2023-2 TRUST,Not Applic
POG,PROGRESS 2024-1 TRUST,Not Applic
PGS,PROGRESS 2024-2 TRUST,Not Applic
POI,PROGRESS 2025-1 TRUST,Not Applic
PRM,PROMINENCE ENERGY LIMITED,Energy
PFP,PROPEL FUNERAL PARTNERS LIMITED,Consumer Services
PRO,PROPHECY INTERNATIONAL HOLDINGS LIMITED,Software & Services
PSC,PROSPECT RESOURCES LIMITED,Materials
PIQ,PROTEOMICS INTERNATIONAL LABORATORIES LTD,"Pharmaceuticals, Biotechnology & Life Sciences"
PV1,PROVARIS ENERGY LTD,Energy
PTR,PTR MINERALS LTD,Materials
PUT,PUMA SERIES 2023-1 TRUST,Not Applic
PUU,PUMA SERIES 2024-1 TRUST,Not Applic
PS2,PUMA SERIES 2024-2 TRUST,Not Applic
PFT,PURE FOODS TASMANIA LIMITED,"Food, Beverage & Tobacco"
P1E,PURE ONE CORPORATION LIMITED,Energy
PR1,PURE RESOURCES LIMITED,Materials
PPL,PUREPROFILE LTD,Media & Entertainment
PUR,PURSUIT MINERALS LTD,Materials
PVW,PVW RESOURCES LIMITED,Materials
PWH,PWR HOLDINGS LIMITED,Automobiles & Components
PYC,PYC THERAPEUTICS LIMITED,"Pharmaceuticals, Biotechnology & Life Sciences"
QAN,QANTAS AIRWAYS LIMITED,Transportation
QBE,QBE INSURANCE GROUP LIMITED,Insurance
QEM,QEM LIMITED,Materials
QML,QMINES LIMITED,Materials
QNB,QNB FINANCE LTD,Not Applic
QOR,QORIA LIMITED,Software & Services
QPM,QPM ENERGY LIMITED,Materials
QAL,QUALITAS LIMITED,Real Estate Management & Development
QRI,QUALITAS REAL ESTATE INCOME FUND,Financial Services
QGL,QUANTUM GRAPHITE LIMITED,Materials
QUB,QUBE HOLDINGS LIMITED,Transportation
XQL,QUEENSLAND TREASURY CORPORATION,Not Applic
QUE,QUESTE COMMUNICATIONS LIMITED,Financial Services
QFE,QUICKFEE LIMITED,Financial Services
QXR,QX RESOURCES LIMITED,Materials
RAC,RACURA ONCOLOGY LTD,"Pharmaceuticals, Biotechnology & Life Sciences"
RAD,RADIOPHARM THERANOSTICS LIMITED,"Pharmaceuticals, Biotechnology & Life Sciences"
RAG,RAGNAR METALS LIMITED,Materials
RAS,RAGUSA MINERALS LTD,Materials
RDN,RAIDEN RESOURCES LIMITED,Materials
RZI,RAIZ INVEST LIMITED,Financial Services
REP,RAM ESSENTIAL SERVICES PROPERTY FUND,Equity Real Estate Investment Trusts (REITs)
RAM,RAM INCOME CAPITAL LTD,Not Applic
RMS,RAMELIUS RESOURCES LIMITED,Materials
RHC,RAMSAY HEALTH CARE LIMITED,Health Care Equipment & Services
RND,RAND MINING LIMITED,Materials
RAN,RANGE INTERNATIONAL LIMITED,Materials
RCM,RAPID CRITICAL METALS LIMITED,Materials
REE,RAREX LIMITED,Materials
RTH,RAS TECHNOLOGY HOLDINGS LIMITED,Commercial & Professional Services
RBR,RBR GROUP LIMITED,Materials
REA,REA GROUP LTD,Media & Entertainment
RR1,REACH RESOURCES LIMITED,Materials
RCL,READCLOUD LIMITED,Software & Services
RDY,READYTECH HOLDINGS LIMITED,Software & Services
RCE,RECCE PHARMACEUTICALS LTD,"Pharmaceuticals, Biotechnology & Life Sciences"
REC,RECHARGE METALS LIMITED,Materials
RKN,RECKON LIMITED,Software & Services
RFT,RECTIFIER TECHNOLOGIES LTD,Capital Goods
RHI,RED HILL MINERALS LIMITED,Materials
RDM,RED METAL LIMITED,Materials
RMX,RED MOUNTAIN MINING LIMITED,Materials
ROG,RED SKY ENERGY LIMITED.,Energy
RC1,REDCASTLE RESOURCES LIMITED,Materials
RIL,REDIVIUM LIMITED,Materials
RDX,REDOX LIMITED,Capital Goods
RDS,REDSTONE RESOURCES LIMITED,Materials
REH,REECE LIMITED,Capital Goods
RLC,REEDY LAGOON CORPORATION LIMITED,Materials
RCT,REEF CASINO TRUST,Consumer Services
RG8,REGAL ASIAN INVESTMENTS LIMITED,Not Applic
RF1,REGAL INVESTMENT FUND,Not Applic
RG1,REGAL PARTNERS GLOBAL INVESTMENTS LIMITED,Not Applic
RPL,REGAL PARTNERS LIMITED,Financial Services
R8R,REGENER8 RESOURCES NL,Materials
RGN,REGION GROUP,Equity Real Estate Investment Trusts (REITs)
REG,REGIS HEALTHCARE LIMITED,Health Care Equipment & Services
RRL,REGIS RESOURCES LIMITED,Materials
RWC,RELIANCE WORLDWIDE CORPORATION LIMITED,Capital Goods
REM,REMSENSE TECHNOLOGIES LIMITED,Capital Goods
RNU,RENASCOR RESOURCES LIMITED,Materials
RNX,RENEGADE EXPLORATION LIMITED,Materials
RLT,RENERGEN LIMITED,Energy
RNV,RENERVE LIMITED,Health Care Equipment & Services
RNT,RENT.COM.AU LIMITED,Media & Entertainment
RMC,RESIMAC GROUP LTD,Financial Services
RA2,RESIMAC PREMIER SERIES 2020-1,Not Applic
RA3,RESIMAC SERIES 2024-1NC,Not Applic
RMD,RESMED INC,Health Care Equipment & Services
RSG,RESOLUTE MINING LIMITED,Materials
RML,RESOLUTION MINERALS LTD,Materials
RHT,RESONANCE HEALTH LIMITED,Health Care Equipment & Services
RBX,RESOURCE BASE LIMITED.,Materials
RMI,RESOURCE MINERALS INTERNATIONAL LTD,Materials
REZ,RESOURCES & ENERGY GROUP LIMITED,Materials
RAU,RESOURO STRATEGIC METALS INC.,Materials
RFG,RETAIL FOOD GROUP LIMITED,Consumer Services
REV,REVOLUTION PRIVATE CREDIT INCOME TRUST,Not Applic
RRR,REVOLVER RESOURCES HOLDINGS LTD,Materials
RWD,REWARD MINERALS LTD,Materials
RHY,RHYTHM BIOSCIENCES LIMITED,Health Care Equipment & Services
SGL,RICEGROWERS LIMITED,"Food, Beverage & Tobacco"
RVT,RICHMOND VANADIUM TECHNOLOGY LIMITED,Materials
RIC,RIDLEY CORPORATION LIMITED,"Food, Beverage & Tobacco"
RIE,RIEDEL RESOURCES LIMITED,Materials
RRE,RIGHT RESOURCES LIMITED,Materials
RIM,RIMFIRE PACIFIC MINING LIMITED,Materials
RCR,RINCON RESOURCES LIMITED,Materials
RIO,RIO TINTO LIMITED,Materials
RIV,RIVCO AUSTRALIA LTD,Utilities
RGL,RIVERSGOLD LIMITED,Materials
RLF,RLF AGTECH LTD,Materials
RMY,RMA GLOBAL LIMITED,Media & Entertainment
RXR,ROBEX RESOURCES INC.,Materials
ROC,ROCKETBOOTS LIMITED,Software & Services
RKT,ROCKETDNA LTD.,Technology Hardware & Equipment
RKB,ROKEBY RESOURCES LIMITED,Materials
RON,RONIN RESOURCES LTD,Materials
RLG,ROOLIFE GROUP LTD,Media & Entertainment
RXL,ROX RESOURCES LIMITED,Materials
RPM,RPM AUTOMOTIVE GROUP LIMITED,Automobiles & Components
RUL,RPMGLOBAL HOLDINGS LIMITED,Software & Services
RTG,RTG MINING INC.,Materials
RWL,RUBICON WATER LIMITED,Technology Hardware & Equipment
RB6,RUBIX RESOURCES LIMITED,Materials
RTR,RUMBLE RESOURCES LIMITED,Materials
RFF,RURAL FUNDS GROUP,Equity Real Estate Investment Trusts (REITs)
RYD,RYDER CAPITAL LIMITED,Not Applic
RYM,RYMAN HEALTHCARE LIMITED,Health Care Equipment & Services
RYZ,RYZON MATERIALS LIMITED,Materials
S2R,S2 RESOURCES LTD,Materials
SBR,SABRE RESOURCES LIMITED,Materials
SRH,SAFEROADS HOLDINGS LIMITED,Transportation
SAN,SAGALIO ENERGY LIMITED,Energy
SB2,SALTER BROTHERS EMERGING COMPANIES LIMITED,Not Applic
SLD,"SALUDA MEDICAL, INC.",Health Care Equipment & Services
SFR,SANDFIRE RESOURCES LIMITED,Materials
SNC,SANDON CAPITAL INVESTMENTS LIMITED,Not Applic
SFM,SANTA FE MINERALS LTD,Materials
SMI,SANTANA MINERALS LIMITED,Materials
SFV,SANTOS FINANCE LIMITED,Not Applic
STO,SANTOS LIMITED,Energy
SP4,SAPPHIRE XXIX SERIES 2024-1 TRUST,Not Applic
SP5,SAPPHIRE XXX SERIES 2024-2 TRUST,Not Applic
SP6,SAPPHIRE XXXI SERIES 2024-3 TRUST,Not Applic
SRR,SARAMA RESOURCES LTD,Materials
SGA,SARYTOGAN GRAPHITE LIMITED,Materials
STN,SATURN METALS LIMITED,Materials
SND,SAUNDERS INTERNATIONAL LIMITED,Capital Goods
SVG,SAVANNAH GOLDFIELDS LIMITED,Materials
SCP,SCALARE PARTNERS HOLDINGS LIMITED,Financial Services
SCG,SCENTRE GROUP,Equity Real Estate Investment Trusts (REITs)
SCW,SCENTRE GROUP TRUST 1,Equity Real Estate Investment Trusts (REITs)
SCA,SCENTRE GROUP TRUST 1 AND SCENTRE GROUP TRUST 2,Not Applic
SFC,SCHAFFER CORPORATION LIMITED,Automobiles & Components
SDV,SCIDEV LTD,Materials
SCN,SCORPION MINERALS LIMITED,Materials
SCT,SCOUT SECURITY LIMITED,Consumer Services
SDI,SDI LIMITED,Health Care Equipment & Services
SEA,SEA FOREST LIMITED,"Food, Beverage & Tobacco"
SFG,SEAFARMS GROUP LIMITED,"Food, Beverage & Tobacco"
SN8,SECURELINK NETWORKS LIMITED,Software & Services
SEK,SEEK LIMITED,Media & Entertainment
SHV,SELECT HARVESTS LIMITED,"Food, Beverage & Tobacco"
SEN,SENETAS CORPORATION LIMITED,Technology Hardware & Equipment
SNS,SENSEN NETWORKS LIMITED,Software & Services
SNM,SENTINEL METALS LIMITED,Materials
SEQ,SEQUOIA FINANCIAL GROUP LTD,Financial Services
BA2,SERIES 2019-1 REDS TRUST,Not Applic
WE1,SERIES 2019-1 WST TRUST,Not Applic
WB1,SERIES 2020-1 WST TRUST,Not Applic
WSE,SERIES 2021-1 WST TRUST,Not Applic
WS1,SERIES 2024-1 WST TRUST,Not Applic
WS2,SERIES 2024-2 WST TRUST,Not Applic
SKO,SERKO LIMITED,Software & Services
SRV,SERVCORP LIMITED,Real Estate Management & Development
SSM,SERVICE STREAM LIMITED,Capital Goods
SWM,SEVEN WEST MEDIA LIMITED,Media & Entertainment
SGH,SGH LIMITED,Capital Goods
SHA,SHAPE AUSTRALIA CORPORATION LIMITED,Capital Goods
SSG,SHAVER SHOP GROUP LIMITED,Consumer Discretionary Distribution & Retail
SFX,SHEFFIELD RESOURCES LIMITED,Materials
SHJ,SHINE JUSTICE LTD,Consumer Services
SHZ,SHINHAN BANK.,Not Applic
SC1,"SHINHAN CARD CO., LTD.",Not Applic
SHM,SHRIRO HOLDINGS LIMITED,Consumer Durables & Apparel
SNX,SIERRA NEVADA GOLD INC.,Materials
SSL,SIETEL LIMITED,Real Estate Management & Development
SIG,SIGMA HEALTHCARE LIMITED,Health Care Equipment & Services
SLX,SILEX SYSTEMS LIMITED,Capital Goods
SVL,SILVER MINES LIMITED,Materials
SIS,SIMBLE SOLUTIONS LIMITED,Software & Services
SIO,SIMONDS GROUP LIMITED,Consumer Durables & Apparel
SGM,SIMS LIMITED,Materials
SHG,SINGULAR HEALTH GROUP LTD,Health Care Equipment & Services
SNG,SIREN GOLD LIMITED,Materials
SDR,SITEMINDER LIMITED,Software & Services
SIV,SIV CAPITAL LIMITED,Capital Goods
SKN,SKIN ELEMENTS LIMITED,Household & Personal Products
SKS,SKS TECHNOLOGIES GROUP LIMITED,Capital Goods
SKY,SKY METALS LIMITED,Materials
SKT,SKY NETWORK TELEVISION LIMITED.,Media & Entertainment
SKC,SKYCITY ENTERTAINMENT GROUP LIMITED,Consumer Services
SKM,SKYLARK MINERALS LIMITED,Materials
SPZ,SMART PARKING LIMITED,Commercial & Professional Services
SIQ,SMARTGROUP CORPORATION LTD,Commercial & Professional Services
SOC,SOCO CORPORATION LTD,Software & Services
SLA,SOLARA MINERALS LTD,Materials
SLM,SOLIS MINERALS LIMITED,Materials
SLS,SOLSTICE MINERALS LIMITED,Materials
SVR,SOLVAR LIMITED,Financial Services
SMM,SOMERSET MINERALS LIMITED,Materials
SOM,SOMNOMED LIMITED,Health Care Equipment & Services
SHL,SONIC HEALTHCARE LIMITED,Health Care Equipment & Services
SHP,SOUTH HARZ POTASH LTD,Materials
S32,SOUTH32 LIMITED,Materials
SXE,SOUTHERN CROSS ELECTRICAL ENGINEERING LTD,Capital Goods
SX2,SOUTHERN CROSS GOLD CONSOLIDATED LTD.,Materials
SXL,SOUTHERN CROSS MEDIA GROUP LIMITED,Media & Entertainment
SUH,SOUTHERN HEMISPHERE MINING LIMITED,Materials
SPD,SOUTHERN PALLADIUM LIMITED,Materials
SVM,SOVEREIGN METALS LIMITED,Materials
SPA,SPACETALK LTD,Software & Services
SPN,SPARC TECHNOLOGIES LIMITED,Materials
SPK,SPARK NEW ZEALAND LIMITED,Telecommunication Services
SPG,SPC GLOBAL HOLDINGS LTD,"Food, Beverage & Tobacco"
SP3,SPECTUR LIMITED,Technology Hardware & Equipment
SPX,SPENDA LIMITED,Software & Services
SEC,SPHERIA EMERGING COMPANIES LIMITED,Not Applic
SEG,SPORTS ENTERTAINMENT GROUP LIMITED,Media & Entertainment
SHO,SPORTSHERO LIMITED,Media & Entertainment
SIX,SPRINTEX LIMITED,Automobiles & Components
SQX,SQX RESOURCES LIMITED,Materials
SRG,SRG GLOBAL LIMITED,Capital Goods
SRJ,SRJ TECHNOLOGIES GROUP PLC,Energy
SSH,SSH GROUP LTD,Energy
SBM,ST BARBARA LIMITED,Materials
SGQ,ST GEORGE MINING LIMITED,Materials
SKK,STAKK LIMITED,Telecommunication Services
SMR,STANMORE RESOURCES LIMITED,Materials
S66,STAR COMBO PHARMA LIMITED,Household & Personal Products
SMS,STAR MINERALS LIMITED,Materials
SPL,STARPHARMA HOLDINGS LIMITED,"Pharmaceuticals, Biotechnology & Life Sciences"
GAS,STATE GAS LIMITED,Energy
STW,STATE STREET SPDR S&P/ASX 200 ETF,Not Applic
SLF,STATE STREET SPDR S&P/ASX 200 LISTED PROPERTY ETF,Not Applic
SFY,STATE STREET SPDR S&P/ASX 50 ETF,Not Applic
GVF,STAUDE CAPITAL GLOBAL VALUE FUND LIMITED,Not Applic
SVY,STAVELY MINERALS LIMITED,Materials
SDF,STEADFAST GROUP LIMITED,Insurance
SGI,STEALTH GROUP HOLDINGS LTD,Capital Goods
SST,STEAMSHIPS TRADING COMPANY LIMITED,Capital Goods
SLB,STELAR METALS LIMITED,Materials
SRZ,STELLAR RESOURCES LIMITED,Materials
STP,STEP ONE CLOTHING LIMITED,Consumer Discretionary Distribution & Retail
STH,STEPCHANGE HOLDINGS LIMITED,Software & Services
SGP,STOCKLAND,Equity Real Estate Investment Trusts (REITs)
SHE,STONEHORSE ENERGY LIMITED,Energy
SPP,STONEPEAK-PLUS INFRA DEBT LIMITED,Not Applic
STG,STRAKER LIMITED,Media & Entertainment
SRT,STRATA INVESTMENT HOLDINGS PLC,Materials
SMX,STRATA MINERALS LIMITED.,Materials
SOR,STRATEGIC ELEMENTS LIMITED,Financial Services
SER,STRATEGIC ENERGY RESOURCES LIMITED,Materials
SP8,STREAMPLAY STUDIO LIMITED,Media & Entertainment
STK,STRICKLAND METALS LIMITED,Materials
STX,STRIKE ENERGY LIMITED,Energy
SRK,STRIKE RESOURCES LIMITED,Materials
SMN,STRUCTURAL MONITORING SYSTEMS PLC,Technology Hardware & Equipment
SLZ,SULTAN RESOURCES LTD,Materials
SNZ,SUMMERSET GROUP HOLDINGS LIMITED,Health Care Equipment & Services
SUM,SUMMIT MINERALS LIMITED,Materials
SS1,SUN SILVER LIMITED,Materials
SUN,SUNCORP GROUP LIMITED,Insurance
SRL,SUNRISE ENERGY METALS LIMITED,Materials
SHN,SUNSHINE METALS LIMITED,Materials
STM,SUNSTONE METALS LTD,Materials
SUL,SUPER RETAIL GROUP LIMITED,Consumer Discretionary Distribution & Retail
SPQ,SUPERIOR RESOURCES LIMITED,Materials
SLC,SUPERLOOP LIMITED,Telecommunication Services
SNL,SUPPLY NETWORK LIMITED,Consumer Discretionary Distribution & Retail
SRN,SUREFIRE RESOURCES NL,Materials
STV,SWIFT TV LTD,Media & Entertainment
SWP,SWOOP HOLDINGS LIMITED,Telecommunication Services
SYL,SYMAL GROUP LIMITED,Capital Goods
SOP,SYNERTEC CORPORATION LIMITED,Commercial & Professional Services
SM1,SYNLAIT MILK LIMITED,"Food, Beverage & Tobacco"
SNT,SYNTARA LIMITED,"Pharmaceuticals, Biotechnology & Life Sciences"
SYR,SYRAH RESOURCES LIMITED,Materials
TAH,TABCORP HOLDINGS LIMITED,Consumer Services
T88,TAITON RESOURCES LIMITED,Materials
TLG,TALGA GROUP LTD,Materials
TD1,TALI DIGITAL LIMITED,Health Care Equipment & Services
TR2,TALI RESOURCES LTD,Materials
TLM,TALISMAN MINING LIMITED,Materials
TAL,TALIUS GROUP LIMITED,Software & Services
TWD,TAMAWOOD LIMITED,Consumer Durables & Apparel
TBN,TAMBORAN RESOURCES CORPORATION,Energy
TMB,TAMBOURAH METALS LTD,Materials
TAM,TANAMI GOLD NL,Materials
TR8,TARRINA RESOURCES LIMITED,Consumer Staples Distribution & Retail
TAT,TARTANA MINERALS LIMITED,Materials
TAR,TARUGA MINERALS LIMITED,Materials
TFL,TASFOODS LIMITED,"Food, Beverage & Tobacco"
TAS,TASMAN RESOURCES LTD,Materials
TEA,TASMEA LIMITED,Capital Goods
TIP,TEAMINVEST PRIVATE GROUP LIMITED,Financial Services
TG1,TECHGEN METALS LTD,Materials
TNE,TECHNOLOGY ONE LIMITED,Software & Services
TLX,TELIX PHARMACEUTICALS LIMITED,"Pharmaceuticals, Biotechnology & Life Sciences"
TLS,TELSTRA GROUP LIMITED,Telecommunication Services
TIO,TEMAS RESOURCES CORP.,Materials
TEM,TEMPEST MINERALS LIMITED,Materials
TPW,TEMPLE & WEBSTER GROUP LTD,Consumer Discretionary Distribution & Retail
TMS,TENNANT MINERALS LIMITED,Materials
T92,TERRA CRITICAL MINERALS LIMITED,Energy
TM1,TERRA METALS LIMITED,Energy
TER,TERRACOM LIMITED,Energy
TGH,TERRAGEN HOLDINGS LIMITED,Materials
TMX,TERRAIN MINERALS LIMITED,Materials
TZN,TERRAMIN AUSTRALIA LIMITED.,Materials
TSO,TESORO GOLD LTD,Materials
TES,TEST SECURITY,Class Pend
TTX,TETRATHERIX LIMITED,"Pharmaceuticals, Biotechnology & Life Sciences"
TG6,TG METALS LIMITED,Materials
A2M,THE A2 MILK COMPANY LIMITED,"Food, Beverage & Tobacco"
AU1,THE AGENCY GROUP AUSTRALIA LTD,Real Estate Management & Development
WAG,THE AUSTRALIAN WEALTH ADVISORS GROUP LIMITED,Financial Services
CCO,THE CALMER CO INTERNATIONAL LIMITED,Household & Personal Products
HPC,THE HYDRATION PHARMACEUTICALS COMPANY LIMITED,Household & Personal Products
TLC,THE LOTTERY CORPORATION LIMITED,Consumer Services
SGR,THE STAR ENTERTAINMENT GROUP LIMITED,Consumer Services
TGM,THETA GOLD MINES LIMITED,Materials
TT1,THINK TANK RESIDENTIAL SERIES 2024-1 TRUST,Not Applic
TT2,THINK TANK RESIDENTIAL SERIES 2025-2 TRUST,Not Applic
THR,THOR ENERGY PLC,Materials
TOP,THORNEY OPPORTUNITIES LTD,Not Applic
TEK,THORNEY TECHNOLOGIES LTD,Not Applic
1TT,THRIVE TRIBE TECHNOLOGIES LIMITED,Software & Services
TIA,TIAN AN AUSTRALIA LIMITED,Real Estate Management & Development
TIG,TIGERS REALM COAL LIMITED,Materials
TML,TIMAH RESOURCES LIMITED,Utilities
TNY,TINYBEANS GROUP LTD,Media & Entertainment
TRP,TISSUE REPAIR LTD,"Pharmaceuticals, Biotechnology & Life Sciences"
TTM,TITAN MINERALS LIMITED,Materials
TSL,TITANIUM SANDS LIMITED,Materials
TTT,TITOMIC LIMITED,Materials
TVN,TIVAN LIMITED,Materials
TOU,TLOU ENERGY LIMITED,Energy
TMK,TMK ENERGY LIMITED,Energy
TOK,TOLU MINERALS LIMITED.,Materials
TEE,TOP END ENERGY LIMITED,Energy
TOE,TORO ENERGY LIMITED,Energy
TOR,TORQUE METALS LIMITED..,Materials
TTZ,TORRENS SERIES 2016-1 TRUST,Not Applic
TRE,TOUBANI RESOURCES LIMITED,Materials
TVL,TOUCH VENTURES LIMITED,Financial Services
THL,TOURISM HOLDINGS RENTALS LIMITED,Transportation
TWR,TOWER LIMITED,Insurance
TPC,TPC CONSOLIDATED LIMITED,Utilities
TPG,TPG TELECOM LIMITED.,Telecommunication Services
TWL,TRADE WINDOW HOLDINGS LIMITED,Class Pend
TRJ,TRAJAN GROUP HOLDINGS LIMITED,"Pharmaceuticals, Biotechnology & Life Sciences"
TCO,TRANSMETRO CORPORATION LIMITED,Consumer Services
TA1,TRANSURBAN FINANCE COMPANY PTY LTD,Not Applic
TCL,TRANSURBAN GROUP,Transportation
XVG,TREASURY CORPORATION OF VICTORIA,Not Applic
TWE,TREASURY WINE ESTATES LIMITED,"Food, Beverage & Tobacco"
TKM,TREK METALS LIMITED,Materials
TEG,TRIANGLE ENERGY (GLOBAL) LIMITED,Energy
TGF,TRIBECA GLOBAL NATURAL RESOURCES LIMITED,Not Applic
TBR,TRIBUNE RESOURCES LIMITED,Materials
TT6,TRITON BOND TRUST 2021-1 IN RESPECT OF SERIES 1,Not Applic
TON,TRITON MINERALS LTD,Materials
TRI,TRIVARX LTD,Health Care Equipment & Services
TNC,TRUE NORTH COPPER LIMITED,Materials
TRM,TRUSCOTT MINING CORPORATION LIMITED,Materials
TRU,TRUSCREEN GROUP LIMITED,Health Care Equipment & Services
TUA,TUAS LIMITED,Telecommunication Services
TGN,TUNGSTEN MINING NL,Materials
TCG,TURACO GOLD LIMITED,Materials
TRA,TURNERS AUTOMOTIVE GROUP LIMITED,Consumer Discretionary Distribution & Retail
TSK,TUSKER MINERALS LTD,Materials
TYX,TYRANNA RESOURCES LIMITED,Materials
TYR,TYRO PAYMENTS LIMITED,Financial Services
TZL,TZ LIMITED,Technology Hardware & Equipment
UWC,UNDERWOOD CAPITAL LIMITED,Not Applic
USL,UNICO SILVER LIMITED,Materials
UOS,UNITED OVERSEAS AUSTRALIA LIMITED,Real Estate Management & Development
UNT,UNITH LTD,Media & Entertainment
UM1,UNITY METALS LIMITED,Class Pend
UBI,UNIVERSAL BIOSENSORS INC.,Health Care Equipment & Services
UNI,UNIVERSAL STORE HOLDINGS LIMITED,Consumer Discretionary Distribution & Retail
UBN,URBANISE.COM LIMITED,Software & Services
URF,US MASTERS RESIDENTIAL PROPERTY FUND,Equity Real Estate Investment Trusts (REITs)
USC,US1 CRITICAL MINERALS LIMITED,Materials
UCM,USCOM LIMITED,Health Care Equipment & Services
VR8,VANADIUM RESOURCES LIMITED,Materials
VAR,VARISCAN MINES LIMITED,Materials
VAU,VAULT MINERALS LIMITED,Materials
VBX,VBX LIMITED,Materials
VR1,VECTION TECHNOLOGIES LTD,Software & Services
VBS,VECTUS BIOSYSTEMS LIMITED,"Pharmaceuticals, Biotechnology & Life Sciences"
VEE,VEEM LTD,Capital Goods
VMS,VENARI MINERALS NL,Materials
VNT,VENTIA SERVICES GROUP LIMITED,Capital Goods
VMC,VENUS METALS CORPORATION LIMITED,Materials
VBC,VERBREC LIMITED,Capital Goods
VRS,VERIS LIMITED,Commercial & Professional Services
VRL,VERITY RESOURCES LIMITED,Materials
VTX,VERTEX MINERALS LIMITED,Materials
VHM,VHM LIMITED,Materials
VCX,VICINITY CENTRES,Equity Real Estate Investment Trusts (REITs)
VCD,VICINITY CENTRES TRUST,Not Applic
VIG,VICTOR GROUP HOLDINGS LIMITED,Software & Services
VTM,VICTORY METALS LIMITED,Materials
VKA,VIKING MINES LIMITED,Materials
VEN,VINTAGE ENERGY LTD,Energy
VNL,VINYL GROUP LTD,Software & Services
VGN,VIRGIN AUSTRALIA HOLDINGS LIMITED.,Transportation
VMM,VIRIDIS MINING AND MINERALS LIMITED,Materials
VFX,VISIONFLEX GROUP LIMITED,Health Care Equipment & Services
VGL,VISTA GROUP INTERNATIONAL LIMITED.,Software & Services
VLS,VITA LIFE SCIENCES LIMITED..,"Pharmaceuticals, Biotechnology & Life Sciences"
VML,VITAL METALS LIMITED,Materials
VHL,VITASORA HEALTH LIMITED,Health Care Equipment & Services
VFY,VITRAFY LIFE SCIENCES LIMITED,"Pharmaceuticals, Biotechnology & Life Sciences"
VIT,VITURA HEALTH LIMITED,Health Care Equipment & Services
VEA,VIVA ENERGY GROUP LIMITED,Energy
VVA,VIVA LEISURE LIMITED,Consumer Services
VMT,VMOTO LIMITED,Automobiles & Components
VPG,VODAFONE GROUP PLC.,Not Applic
VPR,VOLT GROUP LIMITED,Utilities
VRC,VOLT RESOURCES LIMITED,Materials
VSR,VOLTAIC STRATEGIC RESOURCES LTD,Energy
VRX,VRX SILICA LIMITED,Materials
VUL,VULCAN ENERGY RESOURCES LIMITED,Materials
VSL,VULCAN STEEL LIMITED,Materials
VYS,VYSARN LIMITED,Materials
WAK,WA KAOLIN LIMITED,Materials
WA1,WA1 RESOURCES LTD,Materials
WGN,WAGNERS HOLDING COMPANY LIMITED,Materials
WAA,WAM ACTIVE LIMITED,Not Applic
WMA,WAM ALTERNATIVE ASSETS LIMITED,Not Applic
WAM,WAM CAPITAL LIMITED,Not Applic
WGB,WAM GLOBAL LIMITED,Not Applic
WMX,WAM INCOME MAXIMISER LIMITED,Not Applic
WLE,WAM LEADERS LIMITED,Not Applic
WMI,WAM MICROCAP LIMITED,Not Applic
WAX,WAM RESEARCH LIMITED,Not Applic
WAR,WAM STRATEGIC VALUE LIMITED,Not Applic
WTM,WARATAH MINERALS LIMITED,Materials
SOL,WASHINGTON H. SOUL PATTINSON AND COMPANY LIMITED,Financial Services
WAT,WATERCO LIMITED,Consumer Durables & Apparel
W2V,WAY 2 VAT LTD.,Software & Services
WPR,WAYPOINT REIT,Equity Real Estate Investment Trusts (REITs)
WQG,WCM GLOBAL GROWTH LIMITED,Not Applic
WEF,WEA FINANCE LLC AND WESTFIELD UK & EUROPE FINANCE PLC,Not Applic
WEB,WEB TRAVEL GROUP LIMITED,Consumer Services
WJL,WEBJET GROUP LIMITED,Consumer Services
WBT,WEEBIT NANO LTD,Semiconductors & Semiconductor Equipment
WNX,WELLNEX LIFE LIMITED,"Food, Beverage & Tobacco"
WES,WESFARMERS LIMITED,Consumer Discretionary Distribution & Retail
WAF,WEST AFRICAN RESOURCES LIMITED,Materials
WCE,WEST COAST SILVER LIMITED,Materials
WC1,WEST COBAR METALS LIMITED,Materials
WWI,WEST WITS MINING LIMITED,Materials
WSR,WESTAR RESOURCES LIMITED,Materials
WGR,WESTERN GOLD RESOURCES LIMITED.,Materials
WMG,WESTERN MINES GROUP LTD,Materials
WYX,WESTERN YILGARN NL,Materials
WEN,WESTFIELD UK & EUROPE FINANCE PLC,Not Applic
WGX,WESTGOLD RESOURCES LIMITED.,Materials
WBC,WESTPAC BANKING CORPORATION,Banks
WSI,WESTSTAR INDUSTRIAL LIMITED,Materials
WCN,WHITE CLIFF MINERALS LIMITED,Materials
WEC,WHITE ENERGY COMPANY LIMITED,Energy
WHI,WHITEFIELD INCOME LIMITED,Not Applic
WHF,WHITEFIELD INDUSTRIALS LIMITED,Not Applic
WHC,WHITEHAVEN COAL LIMITED,Energy
WHK,WHITEHAWK LIMITED,Software & Services
WIA,WIA GOLD LIMITED,Materials
WOA,WIDE OPEN AGRICULTURE LTD,"Food, Beverage & Tobacco"
WC8,WILDCAT RESOURCES LIMITED,Materials
WIN,WIN METALS LTD,Materials
WEL,WINCHESTER ENERGY LTD,Energy
WNR,WINGARA AG LTD,"Food, Beverage & Tobacco"
WR1,WINSOME RESOURCES LIMITED,Materials
WTN,WINTON LAND LIMITED,Real Estate Management & Development
WTC,WISETECH GLOBAL LIMITED,Software & Services
WWG,WISEWAY GROUP LIMITED,Transportation
WZR,WISR LIMITED,Financial Services
WDS,WOODSIDE ENERGY GROUP LTD,Energy
WOW,WOOLWORTHS GROUP LIMITED,Consumer Staples Distribution & Retail
WOR,WORLEY LIMITED,Capital Goods
WOT,WOTSO,Real Estate Management & Development
WRK,WRKR LTD,Software & Services
WTL,WT FINANCIAL GROUP LIMITED,Financial Services
X2M,X2M CONNECT LIMITED,Technology Hardware & Equipment
XGL,XAMBLE GROUP LIMITED,Media & Entertainment
XRA,XENORA MINERALS LTD,Materials
XRO,XERO LIMITED,Software & Services
XPD,XPEDRA RESOURCES LIMITED,Materials
XPN,XPON TECHNOLOGIES GROUP LIMITED,Software & Services
XRG,XREALITY GROUP LTD,Consumer Services
XF1,XREF LIMITED,Software & Services
XRF,XRF SCIENTIFIC LIMITED,Capital Goods
XST,XSTATE RESOURCES LIMITED,Energy
YAL,YANCOAL AUSTRALIA LIMITED,Energy
YRL,YANDAL RESOURCES LIMITED,Materials
YAR,YARI MINERALS LIMITED,Materials
YOJ,YOJEE LIMITED,Software & Services
YOW,YOWIE GROUP LTD,"Food, Beverage & Tobacco"
YUG,YUGO METALS LIMITED,Materials
ZLD,ZELIRA THERAPEUTICS LIMITED,"Pharmaceuticals, Biotechnology & Life Sciences"
ZNC,ZENITH MINERALS LIMITED,Materials
ZEO,ZEOTECH LIMITED,Materials
ZEU,ZEUS RESOURCES LIMITED,Energy
ZGL,ZICOM GROUP LIMITED,Capital Goods
ZMM,ZIMI LIMITED,Technology Hardware & Equipment
ZIM,ZIMPLATS HOLDINGS LIMITED,Materials
ZMI,ZINC OF IRELAND NL,Materials
ZIP,ZIP CO LIMITED..,Financial Services
ZNO,ZOONO GROUP LIMITED,Materials
ZAG,ZULEIKA GOLD LIMITED,Materials
